Rank,Previous,ID,Assoc,Gender,Name,Points,Previous Points,WeekNum,MonthNum,YearNum
1,1,105649,CHN,M,MA Long,3323,3323,0,12,2017
2,2,121404,CHN,M,FAN Zhendong,3254,3201,0,12,2017
3,3,107028,GER,M,OVTCHAROV Dimitrij,3106,3011,0,12,2017
4,0,110267,CHN,M,XU Xin,3078,2994,0,12,2017
5,4,101222,GER,M,BOLL Timo,2971,2902,0,12,2017
6,7,115910,CHN,M,LIN Gaoyuan,2806,2751,0,12,2017
7,6,106195,JPN,M,MIZUTANI Jun,2804,2789,0,12,2017
8,5,110729,JPN,M,NIWA Koki,2800,2803,0,12,2017
9,0,110553,CHN,M,ZHANG Jike,2787,2793,0,12,2017
10,13,105197,KOR,M,LEE Sangsu,2739,2635,0,12,2017
11,8,112062,FRA,M,GAUZY Simon,2707,2686,0,12,2017
12,10,111606,CHN,M,FANG Bo,2703,2662,0,12,2017
13,11,101820,TPE,M,CHUANG Chih-Yuan,2684,2657,0,12,2017
14,12,112620,HKG,M,WONG Chun Ting,2678,2640,0,12,2017
15,9,105926,JPN,M,MATSUDAIRA Kenta,2671,2666,0,12,2017
16,14,113059,CHN,M,YAN An,2662,2634,0,12,2017
17,16,123980,JPN,M,HARIMOTO Tomokazu,2630,2608,0,12,2017
18,15,108246,BLR,M,SAMSONOV Vladimir,2621,2614,0,12,2017
19,17,102841,POR,M,FREITAS Marcos,2606,2569,0,12,2017
20,42,118761,CHN,M,ZHOU Yu,2530,2356,0,12,2017
21,27,112092,NGR,M,ARUNA Quadri,2507,2457,0,12,2017
22,19,110411,JPN,M,YOSHIDA Masaki,2504,2516,0,12,2017
23,21,102761,GER,M,FILUS Ruwen,2501,2502,0,12,2017
23,27,111595,KOR,M,JEONG Sangeun,2501,2457,0,12,2017
25,21,121752,JPN,M,OSHIMA Yuya,2498,2502,0,12,2017
26,20,100696,EGY,M,ASSAR Omar,2497,2513,0,12,2017
27,27,104379,SWE,M,KARLSSON Kristian,2489,2457,0,12,2017
27,25,117113,JPN,M,YOSHIMURA Maharu,2489,2462,0,12,2017
29,23,108581,RUS,M,SHIBAEV Alexander,2486,2494,0,12,2017
30,30,108958,GER,M,STEGER Bastian,2484,2455,0,12,2017
31,18,115641,BRA,M,CALDERANO Hugo,2480,2531,0,12,2017
32,38,112409,DEN,M,GROTH Jonathan,2460,2409,0,12,2017
33,26,105136,FRA,M,LEBESSON Emmanuel,2449,2461,0,12,2017
34,34,110730,JPN,M,UEDA Jin,2438,2425,0,12,2017
35,0,104257,KOR,M,JEOUNG Youngsik,2421,2455,0,12,2017
36,39,100621,POR,M,APOLONIA Tiago,2417,2382,0,12,2017
37,31,119588,CHN,M,LIANG Jingkun,2416,2435,0,12,2017
38,24,112074,SWE,M,FALCK Mattias,2415,2469,0,12,2017
39,32,103107,GRE,M,GIONIS Panagiotis,2414,2432,0,12,2017
40,35,101648,TPE,M,CHEN Chien-An,2408,2417,0,12,2017
41,36,102697,AUT,M,FEGERL Stefan,2403,2415,0,12,2017
42,37,115439,JPN,M,MURAMATSU Yuto,2387,2411,0,12,2017
43,41,102380,ENG,M,DRINKHALL Paul,2381,2367,0,12,2017
44,33,113165,UKR,M,KOU Lei,2379,2431,0,12,2017
45,50,112580,JPN,M,MORIZONO Masataka,2373,2313,0,12,2017
46,43,116620,GER,M,DUDA Benedikt,2363,2345,0,12,2017
47,40,109946,GER,M,WALTHER Ricardo,2341,2381,0,12,2017
48,48,117357,KOR,M,LIM Jonghoon,2335,2325,0,12,2017
49,54,102832,GER,M,FRANZISKA Patrick,2332,2299,0,12,2017
50,79,121412,CHN,M,XUE Fei,2325,2166,0,12,2017
51,55,114936,KOR,M,JANG Woojin,2322,2297,0,12,2017
52,52,105339,QAT,M,LI ^ Ping,2316,2305,0,12,2017
53,47,102891,CRO,M,GACINA Andrej,2313,2326,0,12,2017
54,56,102968,AUT,M,GARDOS Robert,2309,2283,0,12,2017
55,0,113336,KOR,M,KIM Donghyun,2303,2184,0,12,2017
56,61,113931,POL,M,DYJAS Jakub,2298,2252,0,12,2017
57,43,102943,SGP,M,GAO Ning,2297,2345,0,12,2017
58,46,103037,SWE,M,GERELL Par,2292,2332,0,12,2017
59,49,110410,JPN,M,YOSHIDA Kaii,2288,2314,0,12,2017
60,53,109459,SLO,M,TOKIC Bojan,2284,2300,0,12,2017
61,59,123690,HKG,M,HO Kwan Kit,2267,2258,0,12,2017
62,45,104314,IND,M,ACHANTA Sharath Kamal,2264,2337,0,12,2017
62,51,106296,POR,M,MONTEIRO Joao,2264,2312,0,12,2017
62,67,112735,SVK,M,WANG Yang,2264,2220,0,12,2017
62,57,114355,FRA,M,FLORE Tristan,2264,2276,0,12,2017
66,63,111050,ESP,M,ROBLES Alvaro,2251,2239,0,12,2017
67,85,123962,JPN,M,YOSHIMURA Kazuhiro,2250,2152,0,12,2017
68,88,103126,IND,M,GNANASEKARAN Sathiyan,2248,2143,0,12,2017
69,58,112442,ENG,M,PITCHFORD Liam,2233,2261,0,12,2017
70,60,104128,HKG,M,JIANG Tianyi,2232,2256,0,12,2017
71,66,115927,PRK,M,PAK Sin Hyok,2231,2231,0,12,2017
72,0,119532,CHN,M,YU Ziyang,2225,0,0,12,2017
73,65,112436,FRA,M,ROBINOT Quentin,2216,2233,0,12,2017
74,70,105937,FRA,M,MATTENET Adrien,2213,2213,0,12,2017
75,67,110002,POL,M,WANG Zengyi,2208,2220,0,12,2017
75,64,110673,IRI,M,ALAMIYAN Noshad,2208,2236,0,12,2017
77,73,119565,TPE,M,LIAO Cheng-Ting,2202,2196,0,12,2017
78,69,103903,ROU,M,IONESCU Ovidiu,2198,2218,0,12,2017
79,72,134379,CHN,M,LI Yijie,2197,2197,0,12,2017
80,98,117890,KAZ,M,GERASSIMENKO Kirill,2195,2114,0,12,2017
81,62,119284,KOR,M,CHO Seungmin,2185,2251,0,12,2017
82,71,106814,BEL,M,NUYTINCK Cedric,2183,2204,0,12,2017
83,86,119794,JPN,M,KIZUKURI Yuto,2172,2144,0,12,2017
84,0,111791,KOR,M,KIM Minseok,2171,2189,0,12,2017
84,86,116532,CRO,M,PUCAR Tomislav,2171,2144,0,12,2017
86,77,111826,JPN,M,MACHI Asuka,2170,2170,0,12,2017
87,83,103345,AUT,M,HABESOHN Daniel,2168,2156,0,12,2017
88,82,109140,ROU,M,SZOCS Hunor,2166,2159,0,12,2017
89,80,109188,JPN,M,TAKAKIWA Taku,2165,2165,0,12,2017
90,124,123729,DEN,M,ZHAI ^^ Yujia,2162,2054,0,12,2017
91,104,115546,HKG,M,LAM Siu Hang,2160,2099,0,12,2017
92,74,113340,JPN,M,TAZOE Kenta,2158,2187,0,12,2017
92,76,120850,JPN,M,OIKAWA Mizuki,2158,2173,0,12,2017
94,90,101979,ROU,M,CRISAN Adrian,2147,2139,0,12,2017
95,112,105609,SWE,M,LUNDQVIST Jens,2146,2073,0,12,2017
95,120,118927,SLO,M,JORGIC Darko,2146,2061,0,12,2017
97,0,113685,FRA,M,OUAICHE Stephane,2144,0,0,12,2017
98,94,103070,IND,M,GHOSH Soumyajit,2143,2125,0,12,2017
99,96,134239,CHN,M,NIU Guankai,2142,2116,0,12,2017
100,78,115396,POR,M,GERALDO Joao,2141,2168,0,12,2017
101,81,100982,GER,M,BAUM Patrick,2135,2161,0,12,2017
102,84,106050,GER,M,MENGEL Steffen,2134,2155,0,12,2017
102,93,111033,JPN,M,MATSUDAIRA Kenji,2134,2126,0,12,2017
104,106,121558,CHN,M,WANG Chuqin,2133,2096,0,12,2017
105,88,101674,AUT,M,CHEN Weixing,2131,2143,0,12,2017
106,92,108204,FRA,M,SALIFOU Abdel-Kader,2126,2127,0,12,2017
107,116,116612,FRA,M,AKKUZU Can,2115,2067,0,12,2017
108,75,116853,SWE,M,KALLBERG Anton,2114,2175,0,12,2017
109,101,121582,TPE,M,LIN Yun-Ju,2111,2107,0,12,2017
110,91,111641,IND,M,DESAI Harmeet,2109,2133,0,12,2017
111,102,112035,IRI,M,ALAMIAN Nima,2108,2103,0,12,2017
112,105,107312,SWE,M,PERSSON Jon,2107,2098,0,12,2017
113,96,116658,TUR,M,LI ^ Ahmet,2105,2116,0,12,2017
114,95,109865,RUS,M,VLASOV Grigory,2103,2119,0,12,2017
115,100,107445,SVK,M,PISTEJ Lubomir,2101,2112,0,12,2017
116,119,105497,RUS,M,LIVENTSOV Alexey,2100,2062,0,12,2017
117,99,109581,BRA,M,TSUBOI Gustavo,2095,2113,0,12,2017
118,142,113243,CZE,M,SIRUCEK Pavel,2087,1986,0,12,2017
119,107,103202,POL,M,GORAK Daniel,2085,2093,0,12,2017
120,0,117345,CHN,M,ZHOU Kai,2083,0,0,12,2017
121,115,109546,CZE,M,TREGLER Tomas,2079,2070,0,12,2017
122,0,115680,JPN,M,SAKAI Asuka,2077,2054,0,12,2017
123,102,104795,CZE,M,KONECNY Tomas,2075,2103,0,12,2017
123,109,110726,FIN,M,OLAH Benedek,2075,2078,0,12,2017
125,117,108742,RUS,M,SKACHKOV Kirill,2072,2066,0,12,2017
126,125,131983,HKG,M,NG Pak Nam,2071,2051,0,12,2017
127,139,116820,KOR,M,PARK Ganghyeon,2069,1995,0,12,2017
128,0,121408,CHN,M,LIU Dingshuo,2063,0,0,12,2017
129,108,112446,FRA,M,HACHARD Antoine,2060,2080,0,12,2017
130,125,113689,FRA,M,ROBINOT Alexandre,2058,2051,0,12,2017
131,122,104359,SRB,M,KARAKASEVIC Aleksandar,2056,2056,0,12,2017
132,110,111884,KOR,M,SEO Hyundeok,2053,2076,0,12,2017
132,118,132237,PRK,M,RO Kwang Jin,2053,2065,0,12,2017
134,114,101711,TPE,M,CHIANG Hung-Chieh,2052,2072,0,12,2017
134,112,107578,CZE,M,PROKOPCOV Dmitrij,2052,2073,0,12,2017
136,121,101192,ITA,M,BOBOCICA Mihai,2047,2058,0,12,2017
137,123,104036,CZE,M,JANCARIK Lubomir,2046,2055,0,12,2017
138,127,105928,BRA,M,MATSUMOTO Cazuo,2039,2039,0,12,2017
139,128,107071,RUS,M,PAIKOV Mikhail,2022,2030,0,12,2017
140,157,111020,FRA,M,LORENTZ Romain,2021,1934,0,12,2017
141,133,105666,ESP,M,MACHADO Carlos,2020,2010,0,12,2017
142,111,119543,JPN,M,RYUZAKI Tonin,2019,2074,0,12,2017
143,135,100001,IND,M,ANTHONY Amalraj,2014,2007,0,12,2017
143,131,104892,GRE,M,KREANGA Kalinikos,2014,2014,0,12,2017
145,134,107138,GRE,M,PAPAGEORGIOU Konstantinos,2008,2008,0,12,2017
145,137,114718,ENG,M,WALKER Samuel,2008,2002,0,12,2017
147,129,114856,FRA,M,LANDRIEU Andrea,2003,2027,0,12,2017
148,130,110367,UKR,M,YEFIMOV Viktor,2002,2026,0,12,2017
149,138,118886,JPN,M,MATSUYAMA Yuki,1996,1996,0,12,2017
150,132,101480,ESP,M,CANTERO Jesus,1990,2012,0,12,2017
151,136,112445,FRA,M,BROSSIER Benjamin,1986,2005,0,12,2017
152,145,106848,CZE,M,OBESLO Michal,1985,1977,0,12,2017
153,141,113329,HUN,M,LAKATOS Tamas,1983,1987,0,12,2017
154,151,100817,ENG,M,BAGGALEY Andrew,1980,1957,0,12,2017
155,143,113676,FRA,M,ANGLES Enzo,1979,1983,0,12,2017
156,169,108574,IND,M,SHETTY Sanil,1977,1881,0,12,2017
157,147,117800,PRK,M,KANG Wi Hun,1969,1969,0,12,2017
157,144,119729,CHN,M,FANG Yinchi,1969,1981,0,12,2017
159,0,121514,KOR,M,AN Jaehyun,1966,1810,0,12,2017
160,146,106298,BRA,M,MONTEIRO Thiago,1964,1971,0,12,2017
161,175,116798,CZE,M,POLANSKY Tomas,1962,1866,0,12,2017
162,149,115928,PRK,M,CHOE Il,1961,1961,0,12,2017
163,212,114860,HUN,M,MAJOROS Bence,1956,1766,0,12,2017
164,140,117003,FRA,M,CASSIN Alexandre,1949,1989,0,12,2017
165,154,109904,CZE,M,VRABLIK Jiri,1948,1948,0,12,2017
166,148,110602,UKR,M,ZHMUDENKO Yaroslav,1943,1964,0,12,2017
166,295,122044,SWE,M,MOREGARD Truls,1943,1532,0,12,2017
168,0,105032,RUS,M,LAKEEV Vasily,1938,1976,0,12,2017
168,155,120683,SVK,M,BAI ^ He,1938,1938,0,12,2017
170,152,105679,MEX,M,MADRID Marcos,1937,1952,0,12,2017
170,150,109002,ITA,M,STOYANOV Niagol,1937,1958,0,12,2017
172,159,107324,SRB,M,PETO Zsolt,1925,1925,0,12,2017
172,156,116818,KOR,M,KIM Minhyeok,1925,1937,0,12,2017
174,153,114709,BEL,M,LAMBIET Florent,1923,1950,0,12,2017
175,161,108480,SVK,M,SEREDA Peter,1913,1913,0,12,2017
175,161,112417,POL,M,FLORAS Robert,1913,1913,0,12,2017
177,164,102242,UKR,M,DIDUKH Oleksandr,1912,1912,0,12,2017
178,179,110888,SWE,M,ARVIDSSON Simon,1910,1850,0,12,2017
179,165,100439,EGY,M,SALEH Ahmed,1909,1909,0,12,2017
180,0,115561,KOR,M,PARK Jeongwoo,1907,1876,0,12,2017
181,157,112738,SWE,M,ANDERSSON Harald,1900,1934,0,12,2017
182,177,112073,SWE,M,BRODD Viktor,1898,1856,0,12,2017
183,161,116530,GER,M,ORT Kilian,1887,1913,0,12,2017
184,166,113317,BEL,M,DEVOS Robin,1886,1896,0,12,2017
185,246,119800,JPN,M,TAKAMI Masaki,1885,1659,0,12,2017
186,170,113419,BRA,M,JOUTI Eric,1883,1880,0,12,2017
187,160,118889,RUS,M,ISMAILOV Sadi,1882,1917,0,12,2017
188,167,106777,SWE,M,NORDBERG Hampus,1880,1889,0,12,2017
189,172,117341,CHN,M,KONG Lingxuan,1876,1876,0,12,2017
189,172,120851,JPN,M,TSUBOI Yuma,1876,1876,0,12,2017
191,171,104983,RUS,M,KUZMIN Fedor,1869,1877,0,12,2017
191,0,132632,JPN,M,AIDA Satoshi,1869,0,0,12,2017
193,219,117002,FRA,M,SEYFRIED Joe,1866,1746,0,12,2017
193,193,133893,CHN,M,XU Haidong,1866,1816,0,12,2017
195,176,102486,EGY,M,EL-BEIALI Mohamed,1864,1861,0,12,2017
196,181,118851,SLO,M,KOZUL Deni,1862,1845,0,12,2017
197,191,119566,TPE,M,YANG Heng-Wei,1861,1817,0,12,2017
198,174,117330,DOM,M,WU ^ Jiaji,1860,1870,0,12,2017
199,183,114410,SWE,M,RANEFUR Elias,1859,1843,0,12,2017
200,206,116021,USA,M,JHA Kanak,1849,1780,0,12,2017
201,180,112600,TPE,M,HUNG Tzu-Hsiang,1848,1848,0,12,2017
202,178,101400,RUS,M,BUROV Viacheslav,1844,1852,0,12,2017
202,185,111216,ITA,M,MUTTI Leonardo,1844,1836,0,12,2017
204,184,107456,BLR,M,PLATONOV Pavel,1842,1839,0,12,2017
205,185,100829,RUS,M,BAIBULDIN Andrei,1839,1836,0,12,2017
206,185,100079,NGR,M,ABIODUN Bode,1836,1836,0,12,2017
207,199,113679,FRA,M,BOULOUSSA Mehdi,1828,1799,0,12,2017
208,223,122777,JPN,M,UDA Yukiya,1826,1734,0,12,2017
209,190,102736,POL,M,FERTIKOWSKI Pawel,1824,1824,0,12,2017
209,189,107570,UKR,M,PRYSHCHEPA Yevhen,1824,1830,0,12,2017
211,229,133694,JPN,M,TOGAMI Shunsuke,1822,1701,0,12,2017
212,191,115866,THA,M,TANVIRIYAVECHAKUL Padasak,1816,1817,0,12,2017
213,188,113251,BUL,M,FLORITZ ^^ Philipp,1815,1833,0,12,2017
214,195,117887,CHN,M,ZHU Linfeng,1813,1813,0,12,2017
215,193,104827,HUN,M,KOSIBA Daniel,1812,1816,0,12,2017
215,227,111115,PAR,M,AGUIRRE Marcelo,1812,1720,0,12,2017
217,197,113395,SGP,M,CHEW Zhe Yu Clarence,1807,1807,0,12,2017
218,0,107026,SWE,M,OVERSJO Mattias,1806,1803,0,12,2017
219,196,104760,CRO,M,KOJIC Frane,1805,1812,0,12,2017
220,199,102418,ESP,M,DURAN Marc,1799,1799,0,12,2017
220,211,112075,SWE,M,SODERLUND Hampus,1799,1770,0,12,2017
220,225,115449,AUT,M,LEVENKO Andreas,1799,1726,0,12,2017
0,0,131726,ESP,M,PELACHS Marti,220,220,0,12,2017
223,182,114717,HUN,M,SZUDI Adam,1798,1844,0,12,2017
223,168,121042,ROU,M,PLETEA Cristian,1798,1882,0,12,2017
225,198,106151,ECU,M,MINO Alberto,1797,1806,0,12,2017
225,206,122388,JPN,M,KANAMITSU Koyo,1797,1780,0,12,2017
227,201,104774,CRO,M,KOLAREK Tomislav,1795,1795,0,12,2017
228,202,110727,JPN,M,HIRANO Yuki,1793,1793,0,12,2017
229,205,119873,TPE,M,SUN Chia-Hung,1789,1785,0,12,2017
230,204,102994,CZE,M,GAVLAS Antonin,1788,1788,0,12,2017
231,214,114715,GER,M,QIU Dang,1783,1763,0,12,2017
0,0,117139,TUN,M,MAKHLOUF Mehdi,231,231,0,12,2017
232,208,107772,ENG,M,REED Daniel,1777,1777,0,12,2017
232,220,117312,BRA,M,ISHIY Vitor,1777,1742,0,12,2017
234,203,104462,SVK,M,KEINATH Thomas,1771,1792,0,12,2017
235,213,107272,CUB,M,PEREIRA Andy,1764,1764,0,12,2017
235,236,114716,HUN,M,ECSEKI Nandor,1764,1684,0,12,2017
0,0,122776,TTO,M,"O'YOUNG Luc",236,236,0,12,2017
237,215,114123,TPE,M,LEE Chia-Sheng,1762,1762,0,12,2017
238,308,131375,JPN,M,TANAKA Yuta,1755,1517,0,12,2017
239,208,107762,ITA,M,RECH DALDOSSO Marco,1752,1777,0,12,2017
239,217,115438,POL,M,KULPA Konrad,1752,1752,0,12,2017
241,210,114973,BLR,M,KHANIN Aleksandr,1751,1772,0,12,2017
242,216,114356,POR,M,CHEN Diogo,1749,1758,0,12,2017
243,218,106913,CHI,M,OLIVARES Felipe,1745,1751,0,12,2017
244,227,114848,BEL,M,ALLEGRO Martin,1739,1720,0,12,2017
245,222,119877,TPE,M,PENG Wang-Wei,1736,1736,0,12,2017
246,220,115392,NED,M,TROMER Laurens,1728,1742,0,12,2017
247,237,114838,POL,M,ZATOWKA Patryk,1723,1682,0,12,2017
0,0,113847,PYF,M,HOTAN Kenji,247,247,0,12,2017
248,226,100486,ARG,M,ALTO Gaston,1713,1721,0,12,2017
248,241,121693,GRE,M,SGOUROPOULOS Ioannis,1713,1668,0,12,2017
250,297,123682,IND,M,THAKKAR Manav Vikash,1705,1526,0,12,2017
251,224,110615,SLO,M,ZIBRAT Jan,1703,1731,0,12,2017
251,251,115029,DEN,M,LIND Anders,1703,1652,0,12,2017
253,229,121588,TPE,M,YANG Tzu-Yi,1701,1701,0,12,2017
254,231,132302,CHN,M,YANG Shuo,1699,1699,0,12,2017
255,232,132883,PRK,M,KIM Song Gun,1696,1696,0,12,2017
256,315,120224,ROU,M,SIPOS Rares,1695,1501,0,12,2017
257,239,118671,DEN,M,RASMUSSEN Tobias,1693,1676,0,12,2017
258,266,132583,POL,M,HAN ^^ Chuanxi,1692,1603,0,12,2017
259,237,114960,CZE,M,REITSPIES David,1690,1682,0,12,2017
259,0,115000,PUR,M,AFANADOR Brian,1690,1721,0,12,2017
261,234,104086,FRA,M,JEAN Gregoire,1685,1685,0,12,2017
262,275,115828,SUI,M,WEBER Lionel,1677,1579,0,12,2017
263,301,115063,SWE,M,BERGLUND Simon,1672,1524,0,12,2017
264,240,113332,HUN,M,SZITA Marton,1671,1671,0,12,2017
265,242,109538,VIE,M,TRAN Tuan Quynh,1666,1666,0,12,2017
266,243,112121,CUB,M,CAMPOS Jorge,1665,1665,0,12,2017
267,248,103093,ARG,M,GILABERT Rodrigo,1663,1655,0,12,2017
267,244,114734,BIH,M,DURANSPAHIC Admir,1663,1663,0,12,2017
269,255,112284,ENG,M,MCBEATH David,1662,1644,0,12,2017
270,0,106784,IRI,M,NOROOZI Afshin,1661,1673,0,12,2017
270,245,106948,ISR,M,BEN ARI Omri,1661,1661,0,12,2017
270,234,107506,BUL,M,POPOV Kiril,1661,1685,0,12,2017
273,247,131148,CHN,M,XU Yingbin,1656,1656,0,12,2017
274,0,131717,POR,M,ZHAO ^^ Tianming,1655,1648,0,12,2017
275,249,101189,FRA,M,BOBILLIER Loic,1654,1654,0,12,2017
275,249,104690,CZE,M,KLEPRLIK Jakub,1654,1654,0,12,2017
277,253,112451,CRO,M,CIPIN Filip,1649,1649,0,12,2017
278,252,104087,BEL,M,JEAN Lauric,1646,1650,0,12,2017
279,0,123971,KOR,M,CHO Daeseong,1640,1618,0,12,2017
280,259,106786,NGR,M,NASIRU Kazeem,1639,1631,0,12,2017
280,257,115048,RUS,M,CHERNOV Konstantin,1639,1639,0,12,2017
280,270,124576,RUS,M,SIDORENKO Vladimir,1639,1588,0,12,2017
283,258,103875,SVK,M,ILLAS Erik,1636,1636,0,12,2017
284,256,111959,EGY,M,ASSAR Khalid,1631,1643,0,12,2017
285,278,119092,FRA,M,BERTRAND Irvin,1627,1572,0,12,2017
286,263,101514,POR,M,CARVALHO Diogo,1625,1608,0,12,2017
287,301,120066,GER,M,KLEIN Dennis,1620,1524,0,12,2017
287,262,120154,POL,M,BADOWSKI Marek,1620,1611,0,12,2017
289,233,120168,TUR,M,GUNDUZ Ibrahim,1619,1694,0,12,2017
290,299,121684,ENG,M,JARVIS Tom,1616,1525,0,12,2017
291,253,108066,SCO,M,RUMGAY Gavin,1615,1649,0,12,2017
291,260,113974,FRA,M,GAUZY Paul,1615,1615,0,12,2017
291,273,122727,TPE,M,FENG Yi-Hsin,1615,1582,0,12,2017
0,0,112883,CGO,M,DEYANGHA Christian,291,291,0,12,2017
294,261,106542,HUN,M,NAGY Krisztian,1607,1614,0,12,2017
295,294,120865,RUS,M,IVONIN Denis,1604,1534,0,12,2017
0,0,110623,MAR,M,ZINE EL ABIDINE Saad,295,295,0,12,2017
296,268,112599,TPE,M,YEH Chih-Wei,1601,1592,0,12,2017
297,359,123300,FRA,M,ROLLAND Jules,1600,1379,0,12,2017
298,310,120947,THA,M,WISUTMAYTHANGKOON Supanut,1598,1515,0,12,2017
299,269,106059,NGR,M,MEROTOHUN Monday,1590,1590,0,12,2017
300,271,107893,GRE,M,RINIOTIS Anastasios,1587,1587,0,12,2017
300,263,119316,ARG,M,CIFUENTES Horacio,1587,1608,0,12,2017
302,272,100210,NGR,M,AJETUNMOBI Seun,1584,1584,0,12,2017
303,267,103159,BUL,M,GOLOVANOV Stanislav,1583,1602,0,12,2017
303,265,113916,AUT,M,PFEFFER Simon,1583,1606,0,12,2017
305,274,124108,CHN,M,CHEN Xin,1581,1581,0,12,2017
306,276,107641,ISR,M,RABINOVICH Shimon,1578,1578,0,12,2017
307,287,112077,SWE,M,TRAN Anthony,1577,1554,0,12,2017
308,277,120848,RUS,M,GUSEV Arseniy,1575,1575,0,12,2017
309,342,131169,GER,M,HIPPLER Tobias,1572,1438,0,12,2017
310,299,115548,HKG,M,LI Hon Ming,1568,1525,0,12,2017
311,321,122095,FRA,M,REMBERT Bastien,1566,1494,0,12,2017
312,279,111683,CHI,M,GOMEZ Gustavo,1564,1569,0,12,2017
313,0,131143,RUS,M,MURZIN Vitalii,1563,0,0,12,2017
314,0,121565,KOR,M,HWANG Minha,1561,1564,0,12,2017
315,281,132880,PRK,M,HAM Yu Song,1560,1560,0,12,2017
316,282,112372,RUS,M,GADIEV Vildan,1559,1559,0,12,2017
316,0,116213,ESP,M,VILCHEZ Miguel,1559,1460,0,12,2017
316,282,123343,MAC,M,XIAO Zikang,1559,1559,0,12,2017
319,292,101545,ROU,M,CAZACU Alexandru,1555,1541,0,12,2017
0,0,121872,SVK,M,BUCKO Patrik,319,319,0,12,2017
320,284,109151,ARG,M,TABACHNIK Pablo,1554,1558,0,12,2017
321,0,116848,SWE,M,FRANZEN Alexander,1553,0,0,12,2017
0,0,132193,MAS,M,CHIN Wen Jie,321,321,0,12,2017
322,280,113926,LTU,M,MIKUTIS Tomas,1552,1567,0,12,2017
323,288,133319,AZE,M,YANG Xinyu,1548,1548,0,12,2017
324,289,105295,POL,M,LEWANDOWSKI Tomasz,1547,1547,0,12,2017
324,286,115019,SVK,M,NOVOTA Samuel,1547,1555,0,12,2017
0,0,132293,ISR,M,KARMAZIN Yaniv,324,324,0,12,2017
326,290,101756,POL,M,CHODORSKI Piotr,1546,1546,0,12,2017
327,413,123305,FRA,M,DE NODREST Leo,1545,1272,0,12,2017
328,292,113917,CZE,M,BAJGER Ondrej,1541,1541,0,12,2017
328,291,116641,FRA,M,RUIZ Romain,1541,1544,0,12,2017
0,0,123759,CHI,M,GARCIA Rodrigo,328,328,0,12,2017
330,295,115578,CHN,M,LAI Jiaxin,1532,1532,0,12,2017
330,315,117862,LUX,M,GLOD Eric,1532,1501,0,12,2017
332,284,114063,NED,M,OOSTWOUDER Ewout,1528,1558,0,12,2017
332,0,118072,ESP,M,FRANCO Carlos,1528,1386,0,12,2017
334,297,102272,VIE,M,DINH Quang Linh,1526,1526,0,12,2017
335,380,120287,ITA,M,MUTTI Matteo,1523,1336,0,12,2017
336,303,111286,AUS,M,POWELL David,1522,1522,0,12,2017
337,305,114005,BUL,M,KRASTEV Petyo,1521,1521,0,12,2017
0,0,121724,TUN,M,KALLEL Iheb,337,337,0,12,2017
338,320,115100,SVK,M,VALUCH Alexander,1519,1496,0,12,2017
339,306,108999,AUT,M,STORF Martin,1518,1518,0,12,2017
339,306,115574,NZL,M,LIU Tengteng,1518,1518,0,12,2017
341,303,102890,BUL,M,GABROVSKI Petko,1514,1522,0,12,2017
342,311,100234,KSA,M,AL-ABBAD Abdulaziz,1513,1513,0,12,2017
343,308,111669,SGP,M,PANG Xue Jie,1512,1517,0,12,2017
344,336,123023,BEL,M,CNUDDE Florian,1511,1450,0,12,2017
345,312,105801,BRA,M,MANHANI Humberto,1509,1509,0,12,2017
346,356,121577,TPE,M,LI Hsin-Yang,1506,1386,0,12,2017
347,315,106062,RUS,M,MERZLIKIN Taras,1501,1501,0,12,2017
348,322,120314,RUS,M,ABUSEV Artur,1498,1493,0,12,2017
348,0,132366,JPN,M,IGARASHI Fumiya,1498,1519,0,12,2017
350,315,120266,CZE,M,KUCERA Stanislav,1496,1501,0,12,2017
351,0,105098,FRA,M,LAVERGNE Paul,1491,0,0,12,2017
351,323,112452,CRO,M,FUCEC Luka,1491,1491,0,12,2017
353,324,112040,INA,M,SANTOSO Ficky,1489,1489,0,12,2017
353,326,114868,NED,M,GOMMERS Rajko,1489,1476,0,12,2017
355,314,114457,CGO,M,IDOWU Saheed,1486,1503,0,12,2017
356,315,105293,UKR,M,LIEVSHYN Vitaliy,1484,1501,0,12,2017
357,313,117032,IND,M,GANDHI Sarthak,1479,1508,0,12,2017
358,325,116424,CHI,M,LAMADRID Juan,1477,1482,0,12,2017
359,326,113478,NGR,M,ONAOLAPO Ojo,1476,1476,0,12,2017
0,0,123272,HUN,M,BOTH Levente,359,359,0,12,2017
360,328,114928,GER,M,QIU Liang,1474,1474,0,12,2017
361,329,103842,MAS,M,IBRAHIM Muhd Shakirin,1470,1470,0,12,2017
362,330,100302,KSA,M,AL-JADAI Naif,1468,1468,0,12,2017
362,330,114281,USA,M,WANG Timothy,1468,1468,0,12,2017
364,0,102247,ESP,M,DIEZ Endika,1467,0,0,12,2017
365,342,121878,GER,M,ENGEMANN Gerrit,1463,1438,0,12,2017
366,332,113681,FRA,M,DIAW Ibrahima,1459,1462,0,12,2017
367,341,120300,AUT,M,SERDAROGLU David,1458,1440,0,12,2017
368,0,111512,PUR,M,GONZALEZ Daniel,1453,1472,0,12,2017
368,333,118882,DEN,M,NIELSEN Claus,1453,1453,0,12,2017
368,333,122301,TPE,M,CHOU Te-Hao,1453,1453,0,12,2017
371,335,113376,KSA,M,ALKHADRAWI Ali,1452,1452,0,12,2017
372,337,116176,KOR,M,KIM Seokho,1447,1447,0,12,2017
373,338,113928,POL,M,BANKOSZ Michal,1446,1446,0,12,2017
373,338,119021,USA,M,FENG Yijun,1446,1446,0,12,2017
375,340,109661,MEX,M,URIBE Salvador,1445,1445,0,12,2017
376,344,113450,PAR,M,TORANZOS Alejandro,1431,1435,0,12,2017
377,345,121490,TPE,M,TSAI Chun-Yu,1428,1428,0,12,2017
377,345,131155,PRK,M,KIM ^^ Ok Chan,1428,1428,0,12,2017
379,351,114976,BLR,M,SHAMRUK Gleb,1427,1419,0,12,2017
379,361,118716,SWE,M,MOREGARD Malte,1427,1374,0,12,2017
381,347,111219,LTU,M,UDRA Alfredas,1424,1425,0,12,2017
382,349,103184,PHI,M,GONZALES Richard,1421,1421,0,12,2017
0,0,131418,POL,M,MIASTOWSKI Maksymilian,382,388,0,12,2017
383,350,110768,CYP,M,YIANGOU Marios,1420,1420,0,12,2017
384,0,117001,ESP,M,MARTINEZ Guillermo,1407,1420,0,12,2017
384,352,134316,JPN,M,SONE Kakeru,1407,1415,0,12,2017
386,353,112361,ISR,M,TAUBER Michael,1406,1409,0,12,2017
387,354,119677,KOR,M,KIM Doyub,1402,1402,0,12,2017
388,0,132696,KOR,M,KWAK Yu Bin,1401,1217,0,12,2017
0,0,120018,TUN,M,LAGHA Chouayb,388,388,0,12,2017
389,348,114865,ITA,M,BACIOCCHI Alessandro,1394,1424,0,12,2017
390,355,111287,AUS,M,TOWNSEND Kane,1389,1389,0,12,2017
391,405,118962,SWE,M,SODERLUND Simon,1388,1286,0,12,2017
392,365,113914,AUT,M,CHEN Alexander,1386,1360,0,12,2017
393,375,122094,FRA,M,MENAND Remi,1385,1342,0,12,2017
394,509,131879,IND,M,SHAH Manush Utpalbhai,1382,1082,0,12,2017
395,360,134443,JPN,M,MIYAMOTO Haruki,1377,1377,0,12,2017
396,366,119585,TUR,M,YIGENLER Abdullah,1376,1355,0,12,2017
397,357,115545,HKG,M,KWAN Man Ho,1375,1380,0,12,2017
397,376,120267,CZE,M,MARTINKO Jiri,1375,1341,0,12,2017
399,361,108295,DOM,M,SANTOS Emil,1374,1374,0,12,2017
400,386,116723,EGY,M,ABDEL-AZIZ Youssef,1372,1324,0,12,2017
401,363,118846,POL,M,KOTOWSKI Tomasz,1364,1364,0,12,2017
402,364,112952,BUL,M,ALEXANDROV Teodor,1363,1363,0,12,2017
403,422,116846,SWE,M,ERIKSSON Anders,1361,1243,0,12,2017
404,366,104734,SVK,M,KOBES Kristian,1355,1355,0,12,2017
404,366,112195,LUX,M,MUHLBACH ^^ Hermann,1355,1355,0,12,2017
406,369,102753,RUS,M,FILATOV Vasilij,1352,1352,0,12,2017
407,370,101847,LUX,M,CIOCIU Traian,1349,1349,0,12,2017
408,371,116826,NGR,M,KAZEEM Makanjuola,1348,1348,0,12,2017
409,372,110819,SRB,M,LUPULESKU Lorencio,1347,1347,0,12,2017
410,410,117530,ARG,M,SANCHI Francisco,1345,1280,0,12,2017
410,373,123720,VIE,M,NGUYEN Anh Tu,1345,1345,0,12,2017
412,0,111026,HUN,M,SCHAFFER Daniel,1343,1345,0,12,2017
413,376,114873,SRB,M,NAD NEMEDI Valentin,1341,1341,0,12,2017
414,378,110187,THA,M,WONGSIRI Nikom,1340,1340,0,12,2017
415,379,113342,SVK,M,FIGEL Jakub,1339,1339,0,12,2017
416,380,111828,SRB,M,PETKOV Marko,1336,1336,0,12,2017
417,382,104033,NGR,M,JAMIU Azeez Olugbenga,1334,1334,0,12,2017
418,0,116838,FRA,M,GIVONE Nolan,1331,0,0,12,2017
419,357,118847,ROU,M,MANOLE Alexandru,1330,1380,0,12,2017
420,383,123121,NGR,M,ABDULLAHI Abdulrahman,1329,1329,0,12,2017
421,384,102243,UKR,M,DIDUKH Viktor,1326,1326,0,12,2017
421,384,121474,MAS,M,LEONG Chee Feng,1326,1326,0,12,2017
0,0,131913,SGP,M,LAW Jabez Mason,421,421,0,12,2017
423,397,120074,LUX,M,MLADENOVIC Luka,1319,1297,0,12,2017
424,389,117797,AUS,M,YAN ^ Xin,1314,1314,0,12,2017
0,0,131990,POL,M,SOKOLOWSKI Lukasz,424,424,0,12,2017
425,425,117865,MDA,M,PUTUNTICA Andrei,1313,1235,0,12,2017
426,449,117894,KAZ,M,ZHOLUDEV Denis,1310,1200,0,12,2017
427,390,112950,BUL,M,KODJABASHEV Denislav,1308,1308,0,12,2017
427,399,114719,ROU,M,SPELBUS Alin,1308,1296,0,12,2017
427,390,122387,JPN,M,ASAZU Aoto,1308,1308,0,12,2017
0,0,122106,CZE,M,MIKOLASIK Michal,427,427,0,12,2017
430,392,101168,PER,M,BLAS Bryan,1305,1305,0,12,2017
431,393,106095,LUX,M,MICHELY Gilles,1304,1304,0,12,2017
0,0,124413,MEX,M,FUENTES Diego,431,431,0,12,2017
432,395,122064,AUT,M,KOLODZIEJCZYK Maciej,1301,1299,0,12,2017
433,394,114476,CZE,M,BENES Michal,1300,1300,0,12,2017
0,0,131063,GER,M,MARTIN Cornelius,433,439,0,12,2017
434,395,121852,BEL,M,BILAS Arthur,1299,1299,0,12,2017
434,417,123282,RUS,M,KATSMAN Lev,1299,1252,0,12,2017
436,397,116697,SVK,M,KALUZNY Samuel,1297,1297,0,12,2017
437,399,101511,AUS,M,CARTER Trent,1296,1296,0,12,2017
438,401,116926,INA,M,AJI Donny,1291,1291,0,12,2017
0,0,113472,CIV,M,OBA Oba Kizito,438,438,0,12,2017
439,387,100900,BLR,M,BARABANOV Kiryl,1290,1320,0,12,2017
440,402,112860,IND,M,YADAV Abhishek,1289,1289,0,12,2017
440,402,124005,PRK,M,AN Ji Song,1289,1289,0,12,2017
0,0,118006,GUA,M,CORDERO Camilo,441,441,0,12,2017
442,405,101383,RUS,M,BUKIN Andrey,1286,1286,0,12,2017
442,405,113433,CHI,M,MOYA Manuel,1286,1286,0,12,2017
444,374,119037,BEL,M,DARCIS Thibaut,1283,1343,0,12,2017
445,409,114068,ROU,M,MUNTEANU Lucian,1281,1281,0,12,2017
446,411,108779,EST,M,SMIRNOV Aleksandr,1278,1278,0,12,2017
0,0,124524,CRO,M,MIJATOVIC Daniel,446,446,0,12,2017
447,412,107707,COL,M,RAMOS Julian,1275,1275,0,12,2017
447,0,112379,ESP,M,CALVO Alejandro,1275,1271,0,12,2017
447,408,121912,IND,M,GHOSH Arjun,1275,1285,0,12,2017
0,0,123224,IND,M,PEDNEKAR Shaurya Tushar,448,456,0,12,2017
0,0,131996,ROU,M,TOMA Darius,448,448,0,12,2017
450,388,121510,BEL,M,SWARTENBROUCKX Gaetan,1270,1319,0,12,2017
451,414,113665,MNE,M,BAKIC Luka,1266,1266,0,12,2017
452,416,133899,CHN,M,SONG Zhuoheng,1261,1261,0,12,2017
453,520,117006,ITA,M,PICCOLIN Jordy,1258,1064,0,12,2017
454,461,120937,THA,M,PANAGITGUN Yanapong,1256,1180,0,12,2017
455,402,114035,IRL,M,ROBINSON Ashley,1255,1289,0,12,2017
455,415,134317,JPN,M,YOKOTANI Jo,1255,1263,0,12,2017
457,507,116262,CAN,M,MEDJUGORAC Marko,1254,1084,0,12,2017
458,420,115874,MAS,M,HAIQAL Muhamad Ashraf,1251,1251,0,12,2017
459,0,116675,GRE,M,ANGELAKIS Konstantinos,1245,0,0,12,2017
460,421,114028,GRE,M,KONSTANTINOPOULOS Giorgos,1244,1244,0,12,2017
460,422,115054,RUS,M,SEMENOV Andrey,1244,1243,0,12,2017
0,0,131858,ECU,M,ESCOBAR Bryan,461,461,0,12,2017
462,453,121179,USA,M,ALGUETTI Sharon,1240,1195,0,12,2017
463,424,116648,ENG,M,WEERASINGHE Helshan,1237,1237,0,12,2017
464,417,122724,TPE,M,TAI Ming-Wei,1236,1252,0,12,2017
465,426,100126,NGR,M,ADENIYI Kazeem,1234,1234,0,12,2017
465,426,114460,AUS,M,HU Heming,1234,1234,0,12,2017
465,426,120040,SUI,M,CHAMPOD Nicolas,1234,1234,0,12,2017
468,429,114065,NOR,M,LINDHOLM Eskil,1233,1233,0,12,2017
0,0,119029,TUN,M,BEN MEKKI Nadim,468,468,0,12,2017
469,430,132137,CHN,M,CAO Wei,1232,1232,0,12,2017
470,417,112359,IRL,M,MCCREERY Paul,1231,1252,0,12,2017
471,490,123680,IND,M,SURAVAJJULA Snehit,1230,1126,0,12,2017
472,431,120808,BRA,M,YOKOTA Gustavo,1229,1229,0,12,2017
472,431,133318,AZE,M,WANG Chenxi,1229,1229,0,12,2017
474,433,118890,RUS,M,CHAPLYGIN Maxim,1227,1226,0,12,2017
474,470,123931,RUS,M,GREBNEV Maksim,1227,1163,0,12,2017
476,434,104393,LAT,M,KARTUZOVS Olegs,1224,1224,0,12,2017
476,456,122002,FRA,M,BARDET Lilian,1224,1192,0,12,2017
478,435,108146,IND,M,SAHA Sourav,1223,1223,0,12,2017
479,436,114027,GRE,M,KONSTANTINOPOULOS Konstantinos,1222,1222,0,12,2017
479,0,116321,ARG,M,GALVANO Nicolas,1222,1261,0,12,2017
0,0,122440,THA,M,PIMRAT Thirawat,479,479,0,12,2017
481,437,111591,KAZ,M,KELBUGANOV Timur,1221,1221,0,12,2017
482,471,122435,ENG,M,SAVILL Luke,1216,1162,0,12,2017
483,441,111428,BIH,M,KONJIC Edin,1215,1215,0,12,2017
483,445,120285,ITA,M,ROSSI Carlo,1215,1204,0,12,2017
483,0,133717,KOR,M,BAEK Hogyun,1215,1201,0,12,2017
0,0,119127,BLR,M,LABANAU Andrei,483,483,0,12,2017
0,0,131780,ESP,M,JIMENEZ Jorge,484,484,0,12,2017
486,440,110912,COL,M,RIVERA Mauricio,1212,1216,0,12,2017
486,468,123019,HUN,M,ANDRAS Csaba,1212,1165,0,12,2017
488,442,120318,SGP,M,POH Shao Feng Ethan,1211,1211,0,12,2017
0,0,122221,PER,M,ORTIZ Sebastian,488,488,0,12,2017
489,443,122307,INA,M,BHAGWANI Deepash,1207,1207,0,12,2017
0,0,119381,DEN,M,HERSKIND Micki,489,489,0,12,2017
490,444,131147,CHN,M,PENG Feilong,1205,1205,0,12,2017
0,0,122578,CHI,M,SEPULVEDA Diego,490,490,0,12,2017
491,446,111017,CUB,M,RONDON Juan Damian,1203,1203,0,12,2017
492,439,122067,ITA,M,AMATO Antonino,1202,1217,0,12,2017
493,447,101879,RSA,M,COGILL Theo,1201,1201,0,12,2017
493,447,134583,JPN,M,HAMADA Kazuki,1201,1201,0,12,2017
495,450,112093,NGR,M,OGIDIOLU Jide,1198,1198,0,12,2017
0,0,115049,ITA,M,CERZA Matteo,495,495,0,12,2017
496,474,116841,LTU,M,STANKEVICIUS Medardas,1197,1154,0,12,2017
496,451,121025,BEL,M,PIERAERT Valentin,1197,1196,0,12,2017
498,489,118672,GER,M,HOHMEIER Nils,1196,1127,0,12,2017
499,453,101098,PUR,M,BERRIOS Hector,1195,1195,0,12,2017
500,490,123882,JPN,M,KASHIWA Takeru,1191,1126,0,12,2017
501,438,120322,SWE,M,PERMAN Oscar,1190,1220,0,12,2017
501,464,122001,BEL,M,DEVOS Laurens,1190,1169,0,12,2017
501,459,132022,GER,M,STUMPER Kay,1190,1181,0,12,2017
504,453,131441,FRA,M,HAMACHE Bilal,1187,1195,0,12,2017
505,457,120602,RUS,M,NIKULIN Ivan,1183,1183,0,12,2017
505,528,133441,CHI,M,BURGOS Nicolas,1183,1050,0,12,2017
507,459,120099,DEN,M,DILLING Andreas,1181,1181,0,12,2017
508,463,121035,POL,M,NALEPA Kamil,1179,1176,0,12,2017
508,0,121689,FRA,M,LLORCA Damien,1179,1163,0,12,2017
510,462,118009,MEX,M,VILLA Ricardo,1178,1178,0,12,2017
510,503,133455,GER,M,MEISSNER Cedric,1178,1093,0,12,2017
512,0,114353,ESP,M,BENITO Javier,1176,0,0,12,2017
513,475,120259,HUN,M,MOLNAR Istvan,1175,1153,0,12,2017
514,512,113563,NGR,M,OMOTAYO Olajide,1170,1079,0,12,2017
0,0,117046,AUS,M,ONG ^^ Jay,514,514,0,12,2017
515,465,115458,POL,M,DOSZ Adam,1168,1168,0,12,2017
0,0,123542,DEN,M,SVENNINGSEN Peter,515,521,0,12,2017
516,467,113501,ARG,M,DAHER Juan,1166,1166,0,12,2017
517,480,123864,PHI,M,NAYRE Jann Mari,1165,1150,0,12,2017
518,472,114985,SRB,M,KATIC Ivor,1159,1159,0,12,2017
519,488,120872,ESP,M,MASIP Joan,1155,1129,0,12,2017
519,487,131128,POL,M,GRELA Artur,1155,1137,0,12,2017
521,475,102682,BAR,M,FARLEY Trevor,1153,1153,0,12,2017
522,477,102983,GUA,M,GATICA Hector,1152,1152,0,12,2017
523,479,117604,CAN,M,HAZIN Jeremy,1151,1151,0,12,2017
524,481,121483,TPE,M,CHEN Chun-Hsiang,1149,1149,0,12,2017
524,481,123976,KOR,M,PARK Gyeongtae,1149,1149,0,12,2017
526,473,122096,FRA,M,ZHENG Dorian,1148,1156,0,12,2017
526,477,133777,COL,M,GONZALEZ Camilo,1148,1152,0,12,2017
528,466,123385,IND,M,BHANJA Ronit,1147,1167,0,12,2017
529,484,110674,JOR,M,ABO YAMAN Zaid,1144,1144,0,12,2017
529,499,116839,ISR,M,SIMON Mathan,1144,1112,0,12,2017
531,486,116138,HKG,M,POON Sheung Hei,1138,1138,0,12,2017
531,481,124527,BRA,M,ISHIDA Carlos,1138,1149,0,12,2017
533,458,123478,IRI,M,AHMADIAN Amin,1137,1182,0,12,2017
534,468,118920,ITA,M,PINTO Daniele,1130,1165,0,12,2017
535,0,114712,SVK,M,PETER Ingemar,1126,0,0,12,2017
536,492,122327,THA,M,PASSARA Pattaratorn,1125,1125,0,12,2017
537,493,107791,LAT,M,REINHOLDS Arturs,1124,1124,0,12,2017
0,0,123344,MGL,M,TULGUUR Chinzorig,537,537,0,12,2017
538,630,122320,MDA,M,URSU Vladislav,1121,894,0,12,2017
538,494,133841,TPE,M,HU Chung-Wen,1121,1121,0,12,2017
540,485,121031,POL,M,KULCZYCKI Samuel,1120,1139,0,12,2017
541,495,114874,SRB,M,MAJSTOROVIC Ilija,1119,1119,0,12,2017
541,451,133326,POL,M,GOLLA Marco,1119,1196,0,12,2017
0,0,119945,AUS,M,DIXON Xavier,541,541,0,12,2017
543,0,118165,FRA,M,PRADELLE Quentin,1117,0,0,12,2017
0,0,117864,MDA,M,CISSA Victor,543,543,0,12,2017
544,496,116247,CAN,M,PINTEA James,1116,1116,0,12,2017
545,500,102727,CHI,M,FERNANDEZ Marcelo,1111,1111,0,12,2017
545,497,120284,SVK,M,SPANIK Tibor,1111,1115,0,12,2017
547,0,118875,ITA,M,BRESSAN Luca,1110,1103,0,12,2017
547,530,120265,CZE,M,KLOS Patrik,1110,1045,0,12,2017
549,558,123293,GER,M,MENG Fanbo,1102,999,0,12,2017
550,502,112663,IRL,M,MAGUIRE Gavin,1097,1097,0,12,2017
551,503,119042,IND,M,GHOSH Anirban,1093,1093,0,12,2017
0,0,122246,CGO,M,LIGNANDZI Michel,551,551,0,12,2017
552,505,122426,USA,M,LIU Victor,1091,1091,0,12,2017
553,506,117849,EST,M,LUSIN Aleksandr,1089,1089,0,12,2017
554,507,111730,PAR,M,GAVILAN Axel,1084,1084,0,12,2017
555,0,120052,ESP,M,CABALLERO Carlos,1083,881,0,12,2017
556,513,121711,SRB,M,STRUGAREVIC Nikola,1076,1076,0,12,2017
557,514,111779,ARG,M,CILLIS Javier,1075,1075,0,12,2017
557,514,116140,HKG,M,HUNG Edwin Chun Hin,1075,1075,0,12,2017
0,0,119261,UKR,M,SINKEVYCH Bohdan,557,557,0,12,2017
559,511,133774,BRA,M,SILVA Diogo,1074,1080,0,12,2017
560,516,123560,BEL,M,KOSOLOSKY Olav,1070,1074,0,12,2017
561,0,109629,LTU,M,UDRA Manfredas,1069,0,0,12,2017
562,517,117662,USA,M,CHODRI Kunal,1068,1068,0,12,2017
563,518,132723,TPE,M,HSU Po-Hsuan,1067,1067,0,12,2017
564,519,116554,SVK,M,KOPANYI Tomas,1066,1066,0,12,2017
565,520,115801,BIH,M,ALICIC Armin,1064,1064,0,12,2017
566,522,109521,AUS,M,TOWNSEND Wade,1063,1063,0,12,2017
567,532,122225,ARG,M,BENTANCOR Martin,1061,1037,0,12,2017
567,509,123034,BRA,M,ALMEIDA Siddharta,1061,1082,0,12,2017
569,0,111217,ITA,M,SERETTI Damiano,1060,0,0,12,2017
570,500,118701,SLO,M,SFILIGOJ Tom,1058,1111,0,12,2017
571,523,111514,DOM,M,GALVEZ Samuel,1056,1056,0,12,2017
571,628,131912,SGP,M,PANG Yew En Koen,1056,895,0,12,2017
573,524,101459,SCO,M,CAMERON Niall,1055,1055,0,12,2017
574,525,116551,SVK,M,BRAT Adam,1054,1054,0,12,2017
575,527,117816,HKG,M,WONG Ka Ho,1052,1052,0,12,2017
575,566,122043,SWE,M,FRIIS Martin,1052,992,0,12,2017
575,526,131878,IND,M,VIRMANI Parth,1052,1053,0,12,2017
578,0,134246,IRI,M,ABBASI Amirreza,1049,1061,0,12,2017
579,529,120307,DEN,M,RASMUSSEN Kasper,1047,1047,0,12,2017
0,0,124192,GER,M,FADEEV Kirill,579,579,0,12,2017
580,531,119579,MNE,M,RADOVIC Filip,1046,1043,0,12,2017
580,544,121870,SVK,M,PEKO Stefan,1046,1014,0,12,2017
582,540,122647,ROU,M,CHIRITA Cristian,1044,1023,0,12,2017
583,498,119424,USA,M,ALGUETTI Adar,1042,1113,0,12,2017
584,575,118665,AUT,M,GRININGER Thomas,1036,975,0,12,2017
585,534,115134,CHI,M,OLAVE Alfonso,1034,1034,0,12,2017
585,0,123057,KOR,M,KIM Byunghyeon,1034,1061,0,12,2017
587,535,107983,CHI,M,ROMAN Sebastian,1033,1033,0,12,2017
587,535,120207,COL,M,FERNANDEZ Favert,1033,1033,0,12,2017
587,535,122940,USA,M,TIO Nicholas,1033,1033,0,12,2017
590,538,114704,NGR,M,ADEYINKA Hammed,1032,1032,0,12,2017
591,532,120978,RUS,M,KOTOV Anton,1031,1037,0,12,2017
592,539,111960,RSA,M,LINGEVELDT Kurt,1024,1024,0,12,2017
593,541,117073,SCO,M,DALGLEISH Colin,1022,1022,0,12,2017
594,0,115077,ESP,M,PERAL Xavier,1020,0,0,12,2017
0,0,123648,FRA,M,ALCAYDE Guillaume,594,604,0,12,2017
595,542,113761,COL,M,VILLEGAS Joaquin,1015,1019,0,12,2017
595,664,123659,BEL,M,RASSENFOSSE Adrien,1015,835,0,12,2017
595,543,134442,JPN,M,SHINOZUKA Hiroto,1015,1015,0,12,2017
598,544,131477,CMR,M,NYOH OFON Derek,1014,1014,0,12,2017
0,0,131773,ANG,M,PETER ^^ Alessio,598,598,0,12,2017
599,0,120256,GER,M,XU Jannik,1013,0,0,12,2017
600,547,119199,RUS,M,ARTEMENKO Nikita,1012,1012,0,12,2017
601,566,123386,IND,M,CHANDRA Jeet,1011,992,0,12,2017
602,0,111509,PAN,M,AVI-TAL Omer,1010,1016,0,12,2017
603,583,120282,CAN,M,BERNADET Antoine,1009,963,0,12,2017
604,548,123077,PRK,M,RI Kwang Myong,1008,1008,0,12,2017
605,550,114146,SGP,M,TAN Kiat Yi Kerry,1007,1007,0,12,2017
605,550,115079,GRE,M,PAPADAKIS Ioannis,1007,1007,0,12,2017
607,552,102367,BAR,M,DOWELL Mark,1006,1006,0,12,2017
0,0,122688,ECU,M,ESPINOZA John,607,607,0,12,2017
608,554,112713,GUA,M,MONTUFAR Kevin,1004,1004,0,12,2017
609,555,120239,LBN,M,HAMIE Mohamad,1003,1003,0,12,2017
609,555,122959,KOR,M,AN Junhee,1003,1003,0,12,2017
609,544,123664,CZE,M,VALENTA Jan,1003,1014,0,12,2017
0,0,131344,ISR,M,KOUCHLY Guy,609,609,0,12,2017
612,557,121440,CUB,M,MARTINEZ Livan,1001,1001,0,12,2017
0,0,120309,NED,M,BOGIE Roel,612,612,0,12,2017
613,558,131156,QAT,M,ABDULWAHHAB Mohammed,999,999,0,12,2017
614,553,122843,POR,M,FRANCISCO Jose Pedro,997,1005,0,12,2017
615,561,122736,HKG,M,CHEUNG Yin To,996,998,0,12,2017
0,0,119396,CHI,M,MATSUBARA ^ Yutaka,615,615,0,12,2017
0,0,122332,THA,M,PUTHIKUNGASERN Veerapat,615,615,0,12,2017
616,563,112293,EST,M,LIBENE Toomas,994,994,0,12,2017
616,563,131484,IRI,M,HODAEI Amir Hossein,994,994,0,12,2017
616,548,132773,IND,M,JAIN Anukram,994,1008,0,12,2017
0,0,116897,BLR,M,KOURILTCHIK Nikita,617,617,0,12,2017
619,565,121690,FRA,M,PICARD Vincent,993,993,0,12,2017
620,562,123204,SRB,M,GACEV Aleksa,990,996,0,12,2017
621,588,112413,LTU,M,SKUCAS Matas,989,959,0,12,2017
622,568,117213,NOR,M,WAERSTAD Marcus,987,987,0,12,2017
623,569,103329,GUA,M,GUTIERREZ Allan,984,984,0,12,2017
624,570,121869,SVK,M,ZELINKA Jakub,983,982,0,12,2017
625,570,121511,HKG,M,CHENG Pak Hei,982,982,0,12,2017
626,558,123844,BEL,M,MERCKX Jasper,980,999,0,12,2017
627,0,123410,ESP,M,GONZALEZ Eduardo,979,0,0,12,2017
628,572,114733,MKD,M,STANOJKOVSKI Kristijan,978,978,0,12,2017
628,572,116604,MYA,M,LATT Thet Ko Ko,978,978,0,12,2017
630,0,123029,BRA,M,TOMOIKE Eduardo,977,845,0,12,2017
630,574,123577,SGP,M,YU Zong Jun Gerald,977,977,0,12,2017
0,0,121437,PUR,M,MATIAS Francisco,631,631,0,12,2017
632,0,133662,ALG,M,KARALI Naim,969,1003,0,12,2017
0,0,120019,TUN,M,SAADAOUI Mootezz,632,632,0,12,2017
0,0,123468,PER,M,LUQUE Cesar,632,632,0,12,2017
633,578,102827,GUY,M,FRANKLIN Christopher,968,968,0,12,2017
634,579,110035,JAM,M,WATSON Kane,966,966,0,12,2017
634,579,117120,SWE,M,ROOSE Pontus,966,966,0,12,2017
636,657,123281,AUT,M,KAPOLNEK Narayan,965,842,0,12,2017
636,581,123514,GRE,M,STAMATOUROS Georgios,965,965,0,12,2017
0,0,121624,BRA,M,USHISIMA Gustavo,636,636,0,12,2017
0,0,123660,BEL,M,COMELIAU David,637,643,0,12,2017
638,583,119536,IND,M,BORO Birdie,963,963,0,12,2017
639,0,113625,AUT,M,WOLF Christian,962,0,0,12,2017
639,586,120041,BUL,M,ANDREEV Yavor,962,962,0,12,2017
0,0,122165,JEY,M,WYKES Jordan,639,639,0,12,2017
641,587,108884,GUA,M,SOTO Kevin,961,961,0,12,2017
642,581,120073,LUX,M,BALABAN Ademir,960,965,0,12,2017
642,616,121077,SUI,M,POSCH Lars,960,908,0,12,2017
644,599,123031,BRA,M,TEODORO Guilherme,959,941,0,12,2017
645,589,113839,JAM,M,TOMLINSON Simon,958,958,0,12,2017
646,590,120857,FRA,M,BOURRASSAUD Florian,955,955,0,12,2017
647,591,117871,SUI,M,VENDE Gael,950,950,0,12,2017
648,593,120261,POL,M,TOMASZUK Tomasz,947,947,0,12,2017
648,593,121866,RUS,M,DVOYNIKOV Artem,947,947,0,12,2017
650,596,114938,SGP,M,TAY Jit Kiat,946,946,0,12,2017
650,596,122749,HKG,M,TSANG Tsz Tsun,946,946,0,12,2017
652,643,132820,TPE,M,LI Hsin-Yu,945,869,0,12,2017
653,583,119463,USA,M,KUMAR Nikhil,944,963,0,12,2017
654,593,120896,ECU,M,RIOFRIO Emiliano,943,947,0,12,2017
654,592,131784,FRA,M,CAVAILLE Jules,943,949,0,12,2017
0,0,121611,BRA,M,ANJOS Luiz,655,655,0,12,2017
656,598,115541,CYP,M,HRISTONOV Hristo,942,942,0,12,2017
657,575,120083,POR,M,AMORIM Vitor,941,975,0,12,2017
658,601,113559,GHA,M,LARTEY Felix,939,939,0,12,2017
659,602,119508,USA,M,TRAN Michael Minh,937,937,0,12,2017
660,603,121857,AUT,M,FRIEDRICH Christian,936,936,0,12,2017
661,599,120162,SLO,M,HRIBAR Peter,935,941,0,12,2017
0,0,112907,NEP,M,GOTHE Shiva,661,661,0,12,2017
0,0,120908,MAS,M,WONG Chun Cheun,661,661,0,12,2017
662,0,131852,CHI,M,MARTINEZ Andres,933,1021,0,12,2017
663,605,122020,CZE,M,BUBEN Vlastimil,931,933,0,12,2017
663,603,132311,HKG,M,CHONG Maurice Kai Ning,931,936,0,12,2017
665,606,132172,KOR,M,JANG Seongil,929,929,0,12,2017
0,0,119820,SEN,M,SOW Hamidou,665,665,0,12,2017
666,607,116245,CAN,M,LU ^^ Yen-Chun,927,927,0,12,2017
667,608,122546,SGP,M,TAN Lucas,925,925,0,12,2017
667,608,131926,KOR,M,YANG Yechan,925,925,0,12,2017
669,610,113070,MEX,M,LARA Miguel,922,922,0,12,2017
0,0,134794,JPN,M,TSUKIDATE Shunsuke,669,669,0,12,2017
670,611,123018,HUN,M,JUHASZ Patrik,921,920,0,12,2017
671,666,123192,SRB,M,LEVAJAC Dimitrije,920,832,0,12,2017
0,0,131982,MGL,M,CHINBAT Erdenebayar,671,671,0,12,2017
672,612,123544,SWE,M,KJELLSON Christoffer,918,918,0,12,2017
673,613,134582,ENG,M,LEETE Matthew,916,916,0,12,2017
0,0,102213,NCL,M,DEY Jeremy,673,673,0,12,2017
674,577,122642,IRL,M,CATHCART Owen,914,970,0,12,2017
675,615,119272,POL,M,DOSZ Slawomir,913,913,0,12,2017
676,614,122276,ESP,M,RUIZ Francisco Miguel,912,914,0,12,2017
677,621,123773,ARG,M,FUENTES Leandro,911,903,0,12,2017
677,0,132935,SRB,M,FENYVESI Florian,911,937,0,12,2017
0,0,134793,JPN,M,KAWAKAMI Naoya,677,677,0,12,2017
679,0,117140,TUN,M,AMMOUS Omar,910,772,0,12,2017
680,616,112125,DOM,M,VILA Isaac,908,908,0,12,2017
681,618,115780,PRK,M,KIM Jin Su,907,907,0,12,2017
681,618,122061,CRO,M,MARTINEK Luka,907,907,0,12,2017
0,0,116559,SLO,M,NOVAK Tilen,682,682,0,12,2017
0,0,121687,POR,M,DOYEN ^^ Antoine,682,682,0,12,2017
683,620,103288,YEM,M,GUBRAN Fahd,904,904,0,12,2017
684,621,114020,FIN,M,OCONNOR Miikka,903,903,0,12,2017
685,623,133695,JPN,M,KOBAYASHI Hiromu,902,902,0,12,2017
686,631,121546,POR,M,LI Tiago,899,891,0,12,2017
0,0,118838,ENG,M,MABEY Samuel,686,686,0,12,2017
0,0,120096,SWE,M,KIPPEL Viggo,686,686,0,12,2017
687,624,131217,NOR,M,VETVIK Finn,898,900,0,12,2017
688,625,115118,KSA,M,BU SHULAYBI Abdulaziz,897,897,0,12,2017
688,625,118690,SRB,M,POPOVIC Marko,897,897,0,12,2017
690,627,118523,AUS,M,CHAMBERS Dillon,896,896,0,12,2017
0,0,109746,SMR,M,VANNUCCI Marco,690,690,0,12,2017
691,628,118541,AUS,M,DUFFY Jake,895,895,0,12,2017
692,656,133379,FRA,M,SABHI Myshaal,891,851,0,12,2017
693,637,123515,ROU,M,OPREA Dragos Florin,890,876,0,12,2017
694,670,122051,ITA,M,OYEBODE John,889,822,0,12,2017
695,632,113320,BUL,M,IVANOV Daniel,887,887,0,12,2017
696,633,122607,PER,M,HIDALGO Rodrigo,885,885,0,12,2017
697,634,105897,LAT,M,MASLOVS Leonids,883,883,0,12,2017
698,635,133656,POR,M,DA SILVA Samuel,881,880,0,12,2017
0,0,118928,SLO,M,PAULIN Erik,698,698,0,12,2017
699,0,123257,ESP,M,PALACIOS Daniel,880,833,0,12,2017
700,636,132775,GER,M,RINDERER Daniel,877,877,0,12,2017
701,638,134881,IND,M,HINGORANI Ishaan,875,875,0,12,2017
702,0,116421,PUR,M,GONZALEZ Yomar,873,829,0,12,2017
703,675,120155,ROU,M,SPELBUS Florin,872,817,0,12,2017
704,640,115249,CGO,M,BIENATIKI Christ,871,871,0,12,2017
704,640,133811,SVK,M,TONKOVIC Markus,871,871,0,12,2017
0,0,120938,THA,M,SHOTELERSUK Varote,704,704,0,12,2017
706,643,115232,PUR,M,JIMENEZ Ricardo,869,869,0,12,2017
706,0,121060,ISR,M,BEN-ARI Aviv,869,0,0,12,2017
706,643,123219,IND,M,AMBEKAR Sanish,869,869,0,12,2017
709,672,131211,NOR,M,HAUG Borgar,867,821,0,12,2017
0,0,113289,SMR,M,BERARDI Mattia,709,709,0,12,2017
710,699,131671,POL,M,KUBIK Maciej,866,771,0,12,2017
710,639,134395,AUT,M,WETZEL Felix ^^,866,874,0,12,2017
712,640,131294,RUS,M,IVANOV Gleb,865,871,0,12,2017
713,648,123143,GHA,M,COMMEY Emmanuel,864,864,0,12,2017
714,650,116492,AUS,M,HUANG Dominic,863,863,0,12,2017
0,0,122606,SWE,M,KARLSSON Filip,714,714,0,12,2017
715,0,133850,SGP,M,CHUA Josh Shao Han,862,841,0,12,2017
716,651,123175,NGR,M,SOLANKE Azeez,861,861,0,12,2017
716,648,123522,DEN,M,MIKKELSEN Rasmus,861,864,0,12,2017
0,0,122610,PER,M,DUFFOO Felipe,716,716,0,12,2017
718,652,115212,RSA,M,MATHOLE Terrence,859,859,0,12,2017
719,0,121722,TUN,M,BOURASS Aboubaker,858,753,0,12,2017
720,680,121452,EGY,M,ELHAKEM Karim,856,801,0,12,2017
720,653,121682,BUL,M,TODOROV Stefan,856,856,0,12,2017
0,0,120161,SLO,M,GRM URBANCIC Crt,720,720,0,12,2017
722,0,133367,FRA,M,RAKOTOARIMANANA Fabio,855,844,0,12,2017
723,654,118702,NGR,M,FAGBAMILA Akinwale,854,854,0,12,2017
724,647,132217,ROU,M,MLADIN Paul,852,866,0,12,2017
725,655,133589,ENG,M,BENNETT Joshua,849,853,0,12,2017
726,658,112642,GHA,M,ABREFA Derek,841,841,0,12,2017
727,659,114007,CYP,M,YIANGOU Yiangos,840,840,0,12,2017
728,662,114750,NZL,M,RAO Roger,837,837,0,12,2017
729,661,120674,FIN,M,NAUMI Alex,836,838,0,12,2017
730,666,122008,ENG,M,HARRISON Adam,832,832,0,12,2017
0,0,131420,POL,M,WACHOWIAK Lukasz,730,730,0,12,2017
731,669,124175,HKG,M,LAU Chun Kit,829,829,0,12,2017
732,666,118023,ECU,M,CABRERA Adrian,828,832,0,12,2017
733,659,123568,SWE,M,THIMON Jonathan,823,840,0,12,2017
733,643,123905,POL,M,ZANDECKI Jan,823,869,0,12,2017
735,670,121277,MEX,M,ARCE Damian,822,822,0,12,2017
0,0,124589,JPN,M,HIRUTA Ryu,735,735,0,12,2017
736,673,113167,IRI,M,EBADI POUR Ahmad Reza,820,820,0,12,2017
737,676,113583,WAL,M,"O'CONNELL Daniel",815,815,0,12,2017
738,663,122679,BLR,M,RUKLETSOV Vladislav,812,836,0,12,2017
739,840,124566,POR,M,GOMES Goncalo,809,546,0,12,2017
740,677,120157,SLO,M,CVETKO Tilen,807,811,0,12,2017
740,674,122537,DOM,M,LOCKWARD Mariano,807,818,0,12,2017
742,678,108189,COL,M,SALAZAR Jonathan,806,806,0,12,2017
743,701,122047,ITA,M,PICIULIN Gabriele,805,769,0,12,2017
744,665,124435,NOR,M,BERNER Sondre,803,834,0,12,2017
745,698,123017,HUN,M,BOTH Oliver,802,772,0,12,2017
746,681,119666,CAN,M,HO Bryan,800,800,0,12,2017
746,679,122080,ITA,M,GUALDI Matteo,800,804,0,12,2017
748,0,131065,GER,M,HENNIG Sven,786,0,0,12,2017
749,683,116840,LTU,M,LESIV Rimas,785,787,0,12,2017
749,686,122299,INA,M,NEGARA Muhammad,785,785,0,12,2017
0,0,111371,MLT,M,BAJADA Daniel,750,750,0,12,2017
751,689,115693,AUS,M,TSAO Erny,780,780,0,12,2017
751,682,121940,IRI,M,SHAMS Navid,780,788,0,12,2017
0,0,118950,SGP,M,LOY Meng Hean Darren,752,752,0,12,2017
753,692,121076,SUI,M,KARIN Filip,777,777,0,12,2017
754,693,120025,NGR,M,OGINI Olasunkanmi,776,776,0,12,2017
754,693,123207,BIH,M,MIHAILOVIC Nikola,776,776,0,12,2017
756,695,111528,ESA,M,CALDERON Julio,774,774,0,12,2017
757,697,118011,MEX,M,GASIO Guillermo,773,773,0,12,2017
758,0,120053,ESP,M,CASARES Rafael,772,778,0,12,2017
759,0,106034,SUI,M,MEMMI Daniel,771,0,0,12,2017
760,702,121939,IRI,M,SHAMS Hamid,770,764,0,12,2017
760,695,131289,RUS,M,LINEV Pavel,770,774,0,12,2017
762,683,121717,SWE,M,NILSSON Melker,766,787,0,12,2017
762,700,122894,PAN,M,VAHNISH Jacobo,766,770,0,12,2017
0,0,133652,FRA,M,DORR Esteban,762,762,0,12,2017
764,712,131694,CZE,M,ONDERKA Frantisek,765,746,0,12,2017
765,702,111498,CRC,M,MARTINEZ Jeison,764,764,0,12,2017
765,687,123534,CZE,M,MARTINKO Tomas,764,783,0,12,2017
765,685,132793,ARG,M,LORENZO Santiago,764,786,0,12,2017
0,0,122423,CAN,M,HUANG Edison,768,770,0,12,2017
768,705,118725,CMR,M,NGWE NIKENG Emmanuel,761,761,0,12,2017
768,691,124461,ARG,M,GUADALUPE Matias,761,779,0,12,2017
770,721,132786,IND,M,JEHO Himnakulhpuingheta,760,729,0,12,2017
771,702,123896,POL,M,DZIADEK Kamil,755,764,0,12,2017
771,689,134628,ENG,M,KWAN Wing,755,780,0,12,2017
773,708,121871,SVK,M,ORAC Daniel,754,749,0,12,2017
773,740,122186,TUN,M,HAMDOUN Nathael,754,699,0,12,2017
775,717,117533,ARG,M,TOLOSA Santiago,750,739,0,12,2017
775,707,122187,EGY,M,ABDELWAHAB Marwan,750,750,0,12,2017
775,0,134353,SWE,M,ANDERSSON David,750,716,0,12,2017
0,0,100869,MLT,M,BALDACCHINO Edward,777,777,0,12,2017
0,0,120114,FRA,M,PRIME Sebastien,777,777,0,12,2017
778,709,117062,SCO,M,WHEELER Christopher,747,747,0,12,2017
778,709,122677,BLR,M,TSIAROKHIN Andrei,747,747,0,12,2017
778,709,123072,PHI,M,JACOLO Ryan Rodney,747,747,0,12,2017
778,706,123948,ISR,M,SHUSTERMAN Yonatan,747,753,0,12,2017
782,688,116709,UAE,M,ALBALOOSHI Abdulla,746,782,0,12,2017
782,712,117880,UKR,M,TYMOFIEIEV Oleksandr,746,746,0,12,2017
782,712,133347,KOR,M,KIM Taehyun,746,746,0,12,2017
0,0,121858,BLR,M,DAUNAROVICH Pavel,783,787,0,12,2017
785,715,122425,CAN,M,LY Edward,742,742,0,12,2017
786,718,114323,JOR,M,ALDMAISY Zeyad,737,737,0,12,2017
787,719,102245,LUX,M,DIELISSEN Marc,736,736,0,12,2017
788,720,116227,SGP,M,TEO Yi Sen Bryan,735,735,0,12,2017
788,752,132227,UKR,M,LUSHNIKOV Volodymyr,735,681,0,12,2017
0,0,120262,ROU,M,ANCA Vladimir,789,789,0,12,2017
790,0,118845,ISR,M,DAVIDOV Ronel,734,0,0,12,2017
791,0,121993,EGY,M,RAHMOU Abdelrahman,732,743,0,12,2017
792,789,134333,GER,M,HOLLO Mike,728,620,0,12,2017
793,722,133867,HKG,M,CHAN Baldwin Ho Wah,726,726,0,12,2017
794,724,116724,COD,M,KASSA Gedeon,725,725,0,12,2017
794,716,122982,CRO,M,BAN Ivor,725,740,0,12,2017
0,0,123080,UZB,M,LEVCHENKO Gennadiy,795,795,0,12,2017
796,725,121178,USA,M,ALGUETTI Gal,723,723,0,12,2017
796,0,132008,KOR,M,SON Suk Hyun,723,0,0,12,2017
798,726,132994,CZE,M,SKALA Radek,722,722,0,12,2017
798,770,132995,CZE,M,BELIK Simon,722,649,0,12,2017
800,758,131376,BEL,M,DEGROS Nicolas,721,675,0,12,2017
0,0,119248,BRA,M,NARITA Henrique,801,801,0,12,2017
801,726,133736,NGR,M,MATI Taiwo,716,722,0,12,2017
802,730,122703,SWE,M,DANIELSSON Oskar,715,715,0,12,2017
803,731,131154,PRK,M,MUN Jin Song,714,714,0,12,2017
804,729,131093,ESP,M,GRAU Sergi,713,716,0,12,2017
804,732,131934,HKG,M,WONG Hon Lam,713,713,0,12,2017
806,728,133020,SUI,M,TSCHANZ Cedric,712,718,0,12,2017
807,735,122151,TUN,M,BEN ATTIA Youssef,711,711,0,12,2017
808,734,122674,NOR,M,WETZEL Adrian,710,712,0,12,2017
809,722,131502,IRI,M,KHAYYAM Radin,705,726,0,12,2017
0,0,114072,SCO,M,MAIN Calum,810,810,0,12,2017
810,837,131779,ESP,M,GUTIERREZ Marc,703,552,0,12,2017
811,735,122800,JOR,M,KHADER Khaled,702,711,0,12,2017
812,738,131340,EGY,M,AZZAM Mohamed,701,701,0,12,2017
813,739,116341,ARG,M,TITOLO Franco,700,700,0,12,2017
813,773,122086,ITA,M,PUPPO Andrea,700,646,0,12,2017
0,0,114031,CRO,M,ZOVKO Vjekoslav,814,814,0,12,2017
815,741,116253,CAN,M,YEUNG Klement,697,697,0,12,2017
815,762,123924,POL,M,WALASZEK Przemyslaw,697,666,0,12,2017
815,0,131723,ESP,M,VILARDELL Albert,697,0,0,12,2017
818,732,119944,AUS,M,DHOORIA Rohan,695,713,0,12,2017
0,0,131412,KOR,M,KIM Woojin,819,819,0,12,2017
819,742,121493,USA,M,DING Billy Xu,694,694,0,12,2017
819,742,134863,TPE,M,WANG Yi-Fan,694,694,0,12,2017
821,744,118939,NOR,M,MERINGDAL Fredrik,692,692,0,12,2017
822,759,120315,KSA,M,ALAMRI Abdulaziz,690,674,0,12,2017
823,737,122277,ESP,M,SORIA Javier,688,710,0,12,2017
824,745,123665,BEL,M,JACQUES Quentin,687,691,0,12,2017
0,0,120640,IRI,M,HAJIEI Arman,825,825,0,12,2017
0,0,124571,TPE,M,HO Jui-Lin,825,825,0,12,2017
825,746,132179,PER,M,LOLI Jhon,686,686,0,12,2017
826,748,121512,HKG,M,CHOI Cheuk Kwan,685,685,0,12,2017
826,778,133241,RUS,M,RYZHOV Sergey,685,640,0,12,2017
828,749,114017,EST,M,LINDMAE Erik,682,682,0,12,2017
828,749,122122,WAL,M,EVANS Callum,682,682,0,12,2017
0,0,120126,SWE,M,GEORGSSON Vilmer,830,832,0,12,2017
830,752,119033,CAN,M,BU Alexander,681,681,0,12,2017
831,796,123020,ROU,M,ZAMFIR Mihai,680,614,0,12,2017
831,749,131126,SRB,M,TEPIC Pero,680,682,0,12,2017
833,754,118934,HKG,M,WONG Ho Hin,678,678,0,12,2017
834,755,116758,IND,M,DANI Mudit,677,677,0,12,2017
834,755,124176,HKG,M,CHAN Yee Shun,677,677,0,12,2017
0,0,100196,MDV,M,AHMED Moosa,835,835,0,12,2017
836,757,120093,ROU,M,SINGEORZAN Bogdan,676,676,0,12,2017
837,746,132325,HKG,M,YIU Kwan To,672,686,0,12,2017
838,781,131917,IND,M,JAIN Payas,670,629,0,12,2017
839,801,123923,POL,M,PETAS Kacper,669,603,0,12,2017
840,760,113570,NZL,M,CHENG Zhiyang,668,668,0,12,2017
841,0,119205,RUS,M,FEDOTOV Petr,667,667,0,12,2017
842,760,124149,CRO,M,MARTINEK Mislav,666,668,0,12,2017
843,0,119951,AUS,M,GOULD Benjamin,664,538,0,12,2017
843,763,122993,CRO,M,VIDACEK Marko,664,664,0,12,2017
845,805,133829,TPE,M,PENG Chih,660,596,0,12,2017
0,0,123028,BRA,M,TURRINI Rafael,846,846,0,12,2017
846,880,131150,KAZ,M,KENZHIGULOV Aidos,656,478,0,12,2017
847,765,114397,EST,M,SAAREMAE Rivo,655,655,0,12,2017
848,766,122053,TUR,M,SAHIN Zihni,654,654,0,12,2017
849,767,121691,GRE,M,DAMIANIS Efstratios,653,653,0,12,2017
850,0,124234,RUS,M,BEREZIN Ilya,651,0,0,12,2017
0,0,120869,ESP,M,CANO Rodrigo,851,851,0,12,2017
851,763,121992,EGY,M,ELBORHAMY Ahmed,649,664,0,12,2017
852,767,120668,IRI,M,AMIRI Arya,647,653,0,12,2017
852,771,131727,THA,M,VERAKULTAWAN Purit,647,647,0,12,2017
854,775,131406,DEN,M,CHRISTENSEN Thor,643,643,0,12,2017
0,0,131123,SWE,M,SANDSTROM Per,855,855,0,12,2017
855,777,123170,NGR,M,OSEDUNKWU Joseph,641,641,0,12,2017
856,775,121166,CAN,M,YEUNG Terence,640,643,0,12,2017
856,769,132187,MEX,M,CAYETANO Mauricio,640,650,0,12,2017
856,778,132312,HKG,M,PAU Yik Man,640,640,0,12,2017
859,785,131676,SUI,M,GIROD Dorian,637,624,0,12,2017
859,0,131823,ENG,M,CLARK Joseph,637,491,0,12,2017
861,771,124639,TUR,M,YILMAZ Tugay,636,647,0,12,2017
862,780,116351,URU,M,KACOWICZ Santiago,630,630,0,12,2017
862,774,133206,RUS,M,MAKAROV Vladislav,630,645,0,12,2017
0,0,114859,HUN,M,KOVACS Sebestyen,863,863,0,12,2017
0,0,133454,ARG,M,DE VINCENZO Matias,864,883,0,12,2017
864,781,122643,IRL,M,GILLEN Alexander,629,629,0,12,2017
865,783,117451,BUL,M,KAPITANOV Nikolay,627,627,0,12,2017
866,784,120570,BLR,M,HENIN Valentin,625,625,0,12,2017
0,0,106136,KOS,M,MAKOLLI Milot,867,867,0,12,2017
867,788,104452,NGR,M,KAYODE Bode,623,623,0,12,2017
868,785,123525,ISR,M,FARFEL Gal,622,624,0,12,2017
868,828,131297,RUS,M,ANOKHIN Ilia,622,571,0,12,2017
0,0,111135,BLR,M,VOITSEKHAU Tsimur,870,870,0,12,2017
0,0,116860,ALG,M,DOUIFI Yaniss,870,870,0,12,2017
870,0,131932,MAS,M,CHOONG Javen,621,637,0,12,2017
871,789,122963,CUB,M,HERNANDEZ Carlos,620,620,0,12,2017
871,0,132789,CZE,M,MOKREJS Jan,620,0,0,12,2017
873,791,121532,WAL,M,CUNDY Dean,618,618,0,12,2017
873,791,132026,NGR,M,OMEH Amadi,618,618,0,12,2017
875,0,132805,ROU,M,NEMACIUC Mihai,616,618,0,12,2017
876,793,118737,CAN,M,LEE Lester,615,615,0,12,2017
876,793,119140,BLR,M,VERHUNOU Raman,615,615,0,12,2017
878,785,120742,ALG,M,CHAICHI Abdelbasset,613,624,0,12,2017
878,797,123148,NGR,M,FALANA Tobi,613,613,0,12,2017
0,0,114855,CRO,M,ZELJKO Dominik,879,879,0,12,2017
880,829,116831,EGY,M,HELMY Mahmoud,612,566,0,12,2017
0,0,121621,BRA,M,SANTOS Vitor,881,881,0,12,2017
881,820,120281,CZE,M,KOLDAS Tomas,609,582,0,12,2017
882,805,123829,ESP,M,LILLO Alberto,608,596,0,12,2017
883,799,122744,HKG,M,CHU Pak Chung,605,605,0,12,2017
884,800,123637,TUR,M,BASSAN Umut Emre,604,604,0,12,2017
884,810,131062,SVK,M,KLAJBER Adam,604,590,0,12,2017
886,798,123273,HUN,M,TEREK Norbert,601,609,0,12,2017
886,802,131881,BLR,M,KORTCHINSKI Ilia,601,601,0,12,2017
888,803,121435,PUR,M,ECHEVARRIA Sebastian,600,600,0,12,2017
889,804,111383,LAT,M,EIHMANS Gints,599,599,0,12,2017
890,793,123276,ROU,M,POP Mihai,597,615,0,12,2017
890,805,134186,IND,M,MALIK Yashansh,597,596,0,12,2017
892,808,119169,FIN,M,FLEMMING Veikka,594,594,0,12,2017
893,809,123153,NGR,M,HASSAN Nurudeen,591,591,0,12,2017
894,810,115783,SRI,M,KULAPPUWA Imantha,590,590,0,12,2017
895,812,119546,KAZ,M,RAITER Erik,588,588,0,12,2017
896,813,131176,DEN,M,ANDERSEN Martin Buch,587,587,0,12,2017
897,815,116014,USA,M,HSU Nathan,586,586,0,12,2017
897,815,120942,THA,M,PANKHAOYOY Supakron,586,586,0,12,2017
899,818,120012,EGY,M,WAEL Ziad,584,584,0,12,2017
900,813,120637,EGY,M,DENDAN Abdelrahman,583,587,0,12,2017
900,819,131336,EGY,M,ELSHAWA Ziad,583,583,0,12,2017
902,815,131666,GRE,M,CHATZILYGEROUDIS Gerasimos,582,586,0,12,2017
902,820,132102,ARG,M,VELARDE Matias,582,582,0,12,2017
904,826,132977,DEN,M,SIMONSEN Daniel,581,576,0,12,2017
905,822,120787,CGO,M,KIASSI Regis,580,580,0,12,2017
905,822,121225,ROU,M,LIPAN Teodor,580,580,0,12,2017
907,824,131665,GRE,M,DAMIANIS Ioannis,579,579,0,12,2017
0,0,112677,PAK,M,RAMEEZ Muhammad,908,908,0,12,2017
908,825,114049,KOS,M,CITAKU Baton,578,578,0,12,2017
909,827,111640,EGY,M,MESHREF Ahmed,572,573,0,12,2017
910,0,132039,EGY,M,ABDELWAHAB Youssef,571,0,0,12,2017
0,0,123558,SWE,M,BERGSTROM Emil,911,911,0,12,2017
911,871,117027,NZL,M,SHU Dean,568,496,0,12,2017
912,830,124146,UKR,M,BROIAKOVSKYI Vsevolod,564,564,0,12,2017
913,874,132806,ROU,M,VRABIE George,557,492,0,12,2017
914,841,134690,SRB,M,GRUJIC Nikola,556,544,0,12,2017
0,0,112504,BAN,M,CHOWDHURY Manash,915,915,0,12,2017
0,0,113659,BLR,M,MILOVANOV Andrey,915,915,0,12,2017
915,832,119644,ESA,M,MENDOZA Oliver,555,555,0,12,2017
916,834,121278,MEX,M,ARCE Dario,554,554,0,12,2017
916,834,123526,ISR,M,ITSHAK Ziv,554,554,0,12,2017
916,834,132904,BUL,M,DOYCHEV Iliyan,554,554,0,12,2017
916,831,133827,TPE,M,LIN Yen-Chun,554,560,0,12,2017
0,0,120927,THA,M,SANGPAO Komgrit,918,918,0,12,2017
920,837,132104,ARG,M,ORENCEL Alexis,552,552,0,12,2017
921,839,131374,EGY,M,ATTIA Ammar,550,550,0,12,2017
921,0,132914,GRE,M,STAMOU Konstantinos,550,0,0,12,2017
923,879,134977,UKR,M,YUNCHYK Valentyn,548,480,0,12,2017
0,0,131924,KOR,M,CHO Kijeong,924,924,0,12,2017
924,853,122632,BIH,M,MIHAILOVIC Luka,547,520,0,12,2017
925,841,110071,LCA,M,WELLS Chris,544,544,0,12,2017
926,843,117950,CIV,M,ALI Kanate,540,543,0,12,2017
926,845,133022,POL,M,JANKOWSKI Jakub,540,540,0,12,2017
928,844,123213,SRB,M,JOVICIC Matija,539,541,0,12,2017
928,832,123421,POR,M,BESSA David,539,555,0,12,2017
0,0,123066,MAC,M,WANG Chun,929,929,0,12,2017
930,846,132289,FIN,M,OJALA Matias,538,538,0,12,2017
931,847,120163,SLO,M,NORCIC Luka,534,536,0,12,2017
0,0,115186,URU,M,LORENZOTTI Gonzalo,932,932,0,12,2017
932,848,131962,SGP,M,WONG Yan Kai Andy,525,535,0,12,2017
0,0,116747,IRI,M,LOTFOLLAH NASABI Matin,933,933,0,12,2017
933,0,132032,EGY,M,KHALED Islam,524,0,0,12,2017
934,850,118802,JOR,M,SALAMEH Mohammad,523,523,0,12,2017
935,851,122735,HKG,M,LEE Pak Ho,522,522,0,12,2017
936,852,131756,BEL,M,LAFFINEUR Louis,521,521,0,12,2017
936,0,131861,URU,M,PALOU Pablo,521,0,0,12,2017
938,853,121097,CAN,M,LEHMANN Matthew,520,520,0,12,2017
938,853,121740,BAR,M,KNIGHT Tyrese,520,520,0,12,2017
938,849,123874,THA,M,SANGLERTSILPACHAI Thyme,520,524,0,12,2017
0,0,108602,VAN,M,SHING Yoshua,939,939,0,12,2017
0,0,116755,SGP,M,LIM Zheng Jie Edric,941,941,0,12,2017
941,0,123312,NZL,M,ZHAO Yanglun,517,526,0,12,2017
942,858,118564,AUS,M,HOUGHTON Benjamin,515,515,0,12,2017
942,858,122979,CRO,M,TICA Jakov,515,515,0,12,2017
0,0,101040,PYF,M,BELROSE Ocean,943,943,0,12,2017
944,862,123668,CZE,M,CERNOTA Filip,512,512,0,12,2017
944,857,132221,SRB,M,BOGNAR Bence,512,518,0,12,2017
946,864,123246,ROU,M,RADOI Marius,510,510,0,12,2017
947,863,133310,SWE,M,NETTARP Bruno,509,511,0,12,2017
948,865,131196,FIN,M,PIHKALA Arttu,508,508,0,12,2017
949,866,122012,SUI,M,SIMONET Nicolas,507,507,0,12,2017
949,866,134567,AUT,M,KASES Andre Pierre,507,507,0,12,2017
951,876,131673,SUI,M,OSIRO Pedro,504,487,0,12,2017
952,856,131997,BLR,M,KUNATS Heorhi,503,519,0,12,2017
953,860,124167,THA,M,CHANPEN Chetthanabodi,502,514,0,12,2017
953,0,131678,POR,M,SILVA Joao,502,0,0,12,2017
0,0,120771,RUS,M,ISAKOV Ilya,954,954,0,12,2017
955,869,131419,POL,M,WITKOWSKI Jakub,499,499,0,12,2017
956,860,118108,UAE,M,ALBALUSHI Salah,494,514,0,12,2017
0,0,132131,CHN,M,GAO Shentong,957,957,0,12,2017
957,874,120576,LTU,M,KACERAUSKAS Agnius,492,492,0,12,2017
957,868,124525,CRO,M,JAKELIC Jakov,492,505,0,12,2017
957,871,132223,SUI,M,MOULLET Barish,492,496,0,12,2017
960,894,133019,ENG,M,WALSH Ethan,491,463,0,12,2017
961,873,131683,ITA,M,CAPPUCCIO Marco,489,493,0,12,2017
961,0,132944,SRB,M,STOSIC Ognjen,489,0,0,12,2017
0,0,117903,SRI,M,RANASINGHA Imesh,963,963,0,12,2017
963,890,131096,HUN,M,OCSAI Mate,488,466,0,12,2017
964,877,118810,IRQ,M,JABBAR Hussein,485,485,0,12,2017
0,0,112302,KGZ,M,SAGYNDYKOV Talgat,965,965,0,12,2017
965,0,135105,SWE,M,HEDLUND Oskar,483,0,0,12,2017
966,889,123290,CZE,M,PRUSA David,482,467,0,12,2017
966,869,123339,HUN,M,MOLNAR David,482,499,0,12,2017
0,0,118952,SGP,M,TAY Ming Han Maxxe,968,968,0,12,2017
968,877,132196,SMR,M,MONGIUSTI Mattias,481,485,0,12,2017
969,881,117202,TTO,M,ROOPNARINE Arun,477,477,0,12,2017
0,0,123053,KOR,M,KANG Jinho,970,970,0,12,2017
970,882,121855,AUT,M,TRINK Michael,476,476,0,12,2017
971,883,132182,ARU,M,CHUNG Benny,475,475,0,12,2017
972,884,119825,ARG,M,WALDSZAN Matias,474,474,0,12,2017
972,0,131672,BIH,M,MUJICIC Emir,474,0,0,12,2017
0,0,116571,LAO,M,PHATHAPHONE Thavisack,974,974,0,12,2017
974,885,118945,QAT,M,AL-MALKI Nawaf,473,473,0,12,2017
0,0,122138,EGY,M,FATHY Mahmoud,975,975,0,12,2017
975,887,117453,BUL,M,YANEV Viktor,470,470,0,12,2017
0,0,119311,BLR,M,ANTONAU Vadzim,976,976,0,12,2017
976,888,133002,MDA,M,COZMOLICI Felix,469,469,0,12,2017
0,0,100877,NZL,M,BALL Matthew,977,977,0,12,2017
977,0,133301,BUL,M,STEFANOV Dimitar,467,0,0,12,2017
978,890,115802,BUL,M,KOSTADINOV David,466,466,0,12,2017
978,890,131883,ESP,M,FERNANDEZ Adrian,466,466,0,12,2017
0,0,123578,SGP,M,BEH Kun Ting,979,979,0,12,2017
980,893,116710,UAE,M,ALMOHAISENI Abdulla,465,465,0,12,2017
981,0,132807,SRB,M,COKIC Aleksandar,464,0,0,12,2017
982,886,122866,CAN,M,JIANG Kenny,463,471,0,12,2017
983,895,123509,EGY,M,SWAIFY Omar,462,462,0,12,2017
984,0,123425,POR,M,CORREIA Ricardo,461,0,0,12,2017
984,911,133013,HUN,M,HUZSVAR Erik,461,430,0,12,2017
986,897,123382,AZE,M,SADIGOV Sadikh,457,457,0,12,2017
0,0,111971,TUN,M,MAMIA Thameur,987,987,0,12,2017
987,899,123050,SVK,M,REHO Rene,455,455,0,12,2017
988,895,131798,AUS,M,LUU Finn,452,462,0,12,2017
989,900,133341,SUI,M,HARDMEIER Elias,451,450,0,12,2017
990,900,122188,EGY,M,ELHERAZY Gawad,450,450,0,12,2017
991,897,116470,NZL,M,MA Victor,446,457,0,12,2017
991,903,119651,ESA,M,VILLALTA Oscar,446,446,0,12,2017
991,912,132220,SLO,M,NOVEL Matija,446,428,0,12,2017
994,902,133496,CHI,M,ALVARADO Francisco,445,449,0,12,2017
995,904,124143,SCO,M,MORRISON Calum,442,442,0,12,2017
0,0,100039,MAR,M,AGUIDA Abderrafiq,996,996,0,12,2017
0,0,100199,TKM,M,AHMEDOV Rashid,996,996,0,12,2017
996,905,121677,BUL,M,BEKIR Denis,438,438,0,12,2017
996,905,124147,UKR,M,LIMONOV Anton,438,438,0,12,2017
996,905,131045,NGR,M,ANIMASAHUN Abayomi,438,438,0,12,2017
999,908,123196,GRE,M,KORDOUTIS Dimitris,436,437,0,12,2017
0,0,107658,SMR,M,RAGNI ^ Lorenzo,1000,1000,0,12,2017
1000,909,123656,ITA,M,CICCHITTI Alessandro,434,434,0,12,2017
1000,924,124470,CHI,M,ALBORNOZ Fabian,434,398,0,12,2017
0,0,115137,CHI,M,SEPULVEDA Gustavo,1002,1002,0,12,2017
1002,910,118943,QAT,M,AL-ABDULLA Abdulaziz,431,431,0,12,2017
1003,913,122198,NGR,M,BABAFEMI Babatunde,427,427,0,12,2017
1004,0,132940,SRB,M,MARINKOVIC Milos,425,0,0,12,2017
1004,0,134227,SRB,M,DILAS Nemanja,425,0,0,12,2017
0,0,109064,SEY,M,SULTAN Godfrey,1005,1005,0,12,2017
1006,915,120117,RUS,M,KRASKOVSKII Aleksandr,423,423,0,12,2017
1007,0,133516,EGY,M,ABDELGHANY Mohamed,422,0,0,12,2017
1008,917,118811,IRQ,M,TAHER Mohammed,420,420,0,12,2017
1009,0,123510,EGY,M,EHAB Youssef,419,0,0,12,2017
1010,918,118947,QAT,M,AL-HAJAJI Abdulaziz,417,417,0,12,2017
1010,916,123297,SVK,M,DIKO Dalibor,417,421,0,12,2017
0,0,114143,IRI,M,ROUINTANESFAHANI Mohammadali,1012,1012,0,12,2017
1012,914,122986,CRO,M,ZOVKO Lovro,416,426,0,12,2017
1012,918,134149,ROU,M,TOMICA Andrei,416,417,0,12,2017
0,0,100343,MAR,M,REMMAL Mostafa,1014,1014,0,12,2017
1014,0,131782,ESP,M,NUNEZ Miguel,414,371,0,12,2017
1015,920,131061,SVK,M,PINDURA Tobias,412,412,0,12,2017
1016,921,131195,FIN,M,MORADABBASI ^ Pedram,408,408,0,12,2017
1017,0,131430,DEN,M,HANSEN Jonathan,404,0,0,12,2017
1018,922,132062,EGY,M,FAROUK Mazen,401,401,0,12,2017
1019,0,131724,ESP,M,PONS Arnau,399,0,0,12,2017
1020,924,122110,CRO,M,BANEK Mario,398,398,0,12,2017
1021,923,134341,CZE,M,VYBIRAL Filip,396,400,0,12,2017
0,0,104083,SRI,M,JAYASINGHA Nirmala,1022,1022,0,12,2017
0,0,122943,USA,M,WANG Jack,1022,1022,0,12,2017
1022,926,131078,SVK,M,CYPRICH Radovan,394,394,0,12,2017
1023,927,120793,MRI,M,GUKHOOL Wasiim,393,393,0,12,2017
0,0,111220,LTU,M,VILKAS Matas,1024,1024,0,12,2017
1024,0,131381,ENG,M,SMITH James,391,0,0,12,2017
1025,943,124144,SLO,M,FRELIH Aljaz,389,348,0,12,2017
1026,0,132042,EGY,M,ELSAFTY Omar,388,0,0,12,2017
1027,928,131199,LAT,M,CEMIRTANS Andrejs,387,387,0,12,2017
0,0,113509,VEN,M,MEDINA Jan,1028,1028,0,12,2017
1028,951,132983,SVK,M,DELINCAK Filip,386,315,0,12,2017
1029,929,134173,SLO,M,ERJAVEC Nejc,385,385,0,12,2017
1030,930,123130,NGR,M,AKOMOLAFE Sunday,383,383,0,12,2017
1031,972,123653,ITA,M,SOFIA Simone,380,256,0,12,2017
1031,0,133843,SWE,M,KERAENEN Linus,380,0,0,12,2017
1033,931,124004,NGR,M,OBAYOMI Michael,377,377,0,12,2017
1033,0,131725,ESP,M,GONZALEZ Iker,377,0,0,12,2017
1035,932,123163,CMR,M,NDIKUM ASAAH Prosper,374,374,0,12,2017
1036,934,132035,EGY,M,NADER Marwan,372,372,0,12,2017
1037,935,123893,ROU,M,POSTUDOR Bodgan,362,362,0,12,2017
1037,942,131595,CZE,M,STACH Matej,362,350,0,12,2017
1039,936,132376,SWE,M,GOTHERSTROM Richard,359,359,0,12,2017
1040,937,132010,USA,M,PLOG Jason,358,358,0,12,2017
1041,938,124509,PAR,M,MORENO Benicio,356,356,0,12,2017
1042,959,124553,INA,M,WAHID Habibie,352,298,0,12,2017
0,0,116916,TUN,M,BEN YAHIA Kerem,1043,1043,0,12,2017
1043,932,122798,JOR,M,ALHOURANI Hasan,350,374,0,12,2017
1043,940,132214,LUX,M,HUBERTY Dennis,350,352,0,12,2017
1043,0,134693,ROU,M,MOVILEANU Darius,350,0,0,12,2017
1046,944,120765,LUX,M,THILLEN Eric,341,342,0,12,2017
1047,945,124166,THA,M,CHANPEN Chetthanathip,340,340,0,12,2017
0,0,103826,KGZ,M,IAKUPBAEV Alisher,1048,1048,0,12,2017
1048,946,120026,NGR,M,OLADIRAN Joshua,339,339,0,12,2017
1048,0,132031,EGY,M,ASHRAF Moamen,339,0,0,12,2017
1050,0,122683,CHI,M,VALENZUELA David,335,336,0,12,2017
1050,0,131339,EGY,M,SAMEH Mohamed,335,0,0,12,2017
1052,947,122992,CRO,M,DRAZIC Dominik,334,334,0,12,2017
1052,0,131337,EGY,M,ZARAD Karim,334,0,0,12,2017
1054,939,123517,EGY,M,ELMAHDY Ahmed,332,354,0,12,2017
1054,0,132350,JOR,M,KASWAL Hamadeh,332,0,0,12,2017
1054,0,132937,SRB,M,JOCKOV Jovan,332,0,0,12,2017
0,0,102648,PAK,M,FAISAL Ali Sajjad,1056,1056,0,12,2017
1057,948,134993,ROU,M,MIRON Radu Andrei,331,331,0,12,2017
1057,0,135471,SRB,M,PETROVIC Djordje,331,0,0,12,2017
1059,949,117893,KAZ,M,ZHAMAL Bekulan,326,326,0,12,2017
0,0,113894,EGY,M,GHALLAB Aly,1060,1060,0,12,2017
1060,950,131422,POL,M,WEDERLICH Damian,319,319,0,12,2017
0,0,108050,KOS,M,ADEMAJ Rrahman,1061,1061,0,12,2017
0,0,131413,KOR,M,WOO Hyeonggyu,1061,1061,0,12,2017
1061,0,131597,CZE,M,SKOPAL Dalibor,317,0,0,12,2017
1062,952,116477,NZL,M,WANG Roger,314,314,0,12,2017
1062,940,132753,CRO,M,BOROVNJAK Filip,314,352,0,12,2017
0,0,106127,SRI,M,LAKSHITHA Milinda,1064,1064,0,12,2017
1064,0,135669,GER,M,FOX Tayler,311,0,0,12,2017
1065,956,134130,BLR,M,TSYHANOUSKI Mikhail,308,301,0,12,2017
0,0,134022,TPE,M,HUANG Yu-Jen,1066,1066,0,12,2017
1066,0,124593,SRB,M,BENKO Akos,304,0,0,12,2017
1067,957,131425,DEN,M,EMBORG Mikkel,303,300,0,12,2017
1068,955,122097,LUX,M,HOFFMANN Tom,302,302,0,12,2017
1069,0,132049,EGY,M,SAAD Yehia,301,0,0,12,2017
1069,0,133653,SWE,M,SILJEHOLM Teodor,301,0,0,12,2017
0,0,123056,KOR,M,LEE Seunghwan,1071,1071,0,12,2017
1071,954,134152,HUN,M,NAGY Norbert,299,306,0,12,2017
0,0,111696,VEN,M,CORREA Cecilio,1072,1072,0,12,2017
1072,0,121953,VEN,M,VILLANUEVA Nelson,297,297,0,12,2017
1073,0,131362,EGY,M,ALLAM Omar,296,0,0,12,2017
1073,0,134800,AUS,M,LUM Nicholas,296,0,0,12,2017
1075,0,135478,CZE,M,KAUCKY Jakub,293,0,0,12,2017
0,0,112456,CRO,M,ZELJKO Ivan,1076,1076,0,12,2017
1076,960,131089,NOR,M,LATE Thomas,292,292,0,12,2017
1076,0,132063,EGY,M,GAMAL Marwan,292,0,0,12,2017
0,0,115521,SCO,M,DOHERTY Sean,1077,1077,0,12,2017
0,0,104523,BAN,M,BILLAH Mahbub,1078,1078,0,12,2017
1078,961,122183,EGY,M,ABDELAAL Adham,289,289,0,12,2017
1078,953,134158,SLO,M,GODEC Aljaz,289,310,0,12,2017
0,0,116448,BRA,M,ZAULI Isaac,1080,1080,0,12,2017
1080,962,133428,SLO,M,JEVSNIK Jan,288,288,0,12,2017
1081,963,123185,BUL,M,VATOV Konstantin,287,287,0,12,2017
1081,0,135396,CRO,M,PETEK Bruno,287,0,0,12,2017
1083,986,132201,AUT,M,ZILLER Thomas,283,235,0,12,2017
1083,0,134170,BUL,M,BEKIR Eren,283,0,0,12,2017
1085,958,132827,BUL,M,PETROV Martin,279,299,0,12,2017
0,0,114061,NED,M,HAGERAATS Koen,1086,1086,0,12,2017
1086,978,134340,CZE,M,STALZER Adam,277,245,0,12,2017
1087,0,133688,SWE,M,HOLMQVIST Jens,275,0,0,12,2017
1087,0,135389,KSA,M,HUMAIDI Fares,275,0,0,12,2017
1087,0,135479,BIH,M,RAMLJAK Toni,275,0,0,12,2017
1090,964,121073,SMR,M,GIARDI Federico,272,272,0,12,2017
1090,0,135472,SRB,M,MITIC Aleksa,272,0,0,12,2017
0,0,114043,ITA,M,PAVAN Federico,1091,1091,0,12,2017
1092,0,131722,ESP,M,TAULER Norbert,271,0,0,12,2017
1093,966,119097,KSA,M,ALKHAMIS Sultan,270,270,0,12,2017
0,0,132192,THA,M,TANTAKOOL Tananan,1094,1094,0,12,2017
1094,964,133332,SLO,M,BREZNIK Luka,268,272,0,12,2017
1094,967,134355,ROU,M,OROSZLAN Richard-Lorand,268,268,0,12,2017
1096,0,135480,BIH,M,KAMENJAS Hamza,266,0,0,12,2017
1097,969,120757,SEY,M,ESTHER Nicholas,262,262,0,12,2017
1098,0,133513,EGY,M,EHAB Omar,260,0,0,12,2017
1098,0,133561,EGY,M,SALAHELDIN Moamen,260,0,0,12,2017
1098,0,134797,EGY,M,WAEL Yassin,260,0,0,12,2017
1098,968,134994,ROU,M,BUJOR Dragos Alexandru,260,263,0,12,2017
0,0,113798,ARG,M,BAYONA Lucas,1099,1099,0,12,2017
1102,971,133437,CRO,M,VEKIC Leo,257,257,0,12,2017
1103,1006,133557,SLO,M,ZIGON Ziga,256,200,0,12,2017
1104,973,115791,VIE,M,DOAN Ba Tuan Anh,254,254,0,12,2017
1104,0,132025,EGY,M,ZINHOM Mostafa,254,0,0,12,2017
1104,0,135475,POL,M,KUROWSKI Kamil,254,0,0,12,2017
0,0,104317,BUL,M,KAMBEROV Radoslav,1107,1107,0,12,2017
1107,974,119168,EST,M,VESTLI Toomas,252,252,0,12,2017
1108,0,134605,SWE,M,OSTBLOM Melker,251,0,0,12,2017
1108,0,134646,KSA,M,ALMUTAIRI Saud,251,0,0,12,2017
1108,0,135464,BUL,M,ZAYKOV Stoyan,251,0,0,12,2017
1111,0,134579,CZE,M,LEBEDA Matyas,250,0,0,12,2017
1112,976,134571,ROU,M,ROSCA Mihai,249,247,0,12,2017
0,0,114622,MGL,M,BATKHISHIG Bilegt,1113,1113,0,12,2017
1113,977,123357,EST,M,VALO Rainer,246,246,0,12,2017
1113,970,133440,CRO,M,METER Roko,246,261,0,12,2017
1115,0,131334,EGY,M,ELSARAFY Aly,245,0,0,12,2017
1115,0,132167,NCL,M,AUBRY Ronan,245,0,0,12,2017
1115,0,134047,SWE,M,HOLMQVIST Tom,245,0,0,12,2017
1115,0,134235,SRB,M,SENTMARTONI Denes,245,0,0,12,2017
1115,0,135463,BUL,M,VODENICHAROV Ilia,245,0,0,12,2017
1115,0,135593,EGY,M,ABDELAZIZ Omar,245,0,0,12,2017
1115,0,135594,EGY,M,ANANY Mohamed,245,0,0,12,2017
1122,978,123766,WAL,M,STACEY Joshua,244,245,0,12,2017
1123,0,132941,SRB,M,PAVLOVIC Djordje,242,0,0,12,2017
0,0,108728,SRI,M,SIRISENA Rohan,1124,1124,0,12,2017
1124,982,132971,SLO,M,LAVRIC Taj,241,241,0,12,2017
1124,975,134169,ROU,M,CHIRITA Iulian,241,251,0,12,2017
1126,980,124578,AUT,M,PROMBERGER Jonas,240,244,0,12,2017
1127,983,131387,SLO,M,PINTER Matjaz,239,239,0,12,2017
1127,1015,131388,SLO,M,TRTNIK Rok,239,195,0,12,2017
1127,983,134159,SLO,M,OMERZEL Mitja,239,239,0,12,2017
1130,981,131115,SVK,M,JOHN Marek,238,242,0,12,2017
1130,0,133654,SWE,M,IWARSSON Love,238,0,0,12,2017
1130,0,135578,EGY,M,SAHEB Yehia,238,0,0,12,2017
1133,0,132934,SRB,M,FALB Hunor,236,0,0,12,2017
1134,1000,134573,CZE,M,KVETON Ondrej,233,210,0,12,2017
1135,0,123935,FIJ,M,WU Vicky,230,0,0,12,2017
1135,0,133554,FIJ,M,CHAUHAN Jai,230,0,0,12,2017
1135,0,133935,EGY,M,ELSISY Mohamed,230,0,0,12,2017
1135,0,134207,KSA,M,ALQARNI M Fahad Bahjan,230,0,0,12,2017
1135,0,134223,SRB,M,LAZIC Stefan,230,0,0,12,2017
1135,0,134905,NZL,M,PARK Sang-Yong,230,0,0,12,2017
1135,0,135103,SWE,M,SJOGREN Elias,230,0,0,12,2017
1135,0,135167,KSA,M,AL YOUSEF Hasan,230,0,0,12,2017
1135,0,135366,CZE,M,OTAHAL Borek,230,0,0,12,2017
1135,0,135404,BUL,M,EFTIMOV Georgi,230,0,0,12,2017
1135,0,135470,SRB,M,PUHACA Mladen,230,0,0,12,2017
1135,0,135587,EGY,M,IBRAHIM Mohamed,230,0,0,12,2017
1135,0,135595,EGY,M,MOSTAFA Badr,230,0,0,12,2017
1135,0,135608,EGY,M,THABET Ahmed,230,0,0,12,2017
0,0,111091,MAC,M,CHANG Hoi Wa,1137,1137,0,12,2017
0,0,122340,TPE,M,CHIN Mao-Cheng,1138,1138,0,12,2017
1149,989,134097,CRC,M,ARAYA Daniel,227,227,0,12,2017
1150,990,123413,ESP,M,IGLESIAS Anxo,226,226,0,12,2017
1151,0,134971,COD,M,MBONGIA Christian,223,0,0,12,2017
1152,991,131389,SLO,M,SEGULA Marsel,222,222,0,12,2017
1153,0,135588,EGY,M,NAGY Marwan,221,0,0,12,2017
1154,987,131797,AUS,M,LUU Skyy,220,234,0,12,2017
1154,994,132853,MYA,M,OO Soe Min,220,220,0,12,2017
1156,988,124378,USA,M,GODHWANI Aditya,219,229,0,12,2017
1156,983,132984,SVK,M,IVANCO Felix,219,239,0,12,2017
1158,991,131660,ROU,M,IACOB Bogdan,218,222,0,12,2017
1158,995,134430,MNE,M,CUBOVIC Branko,218,218,0,12,2017
1160,993,131066,BUL,M,HRISTEV Hristo,217,221,0,12,2017
1161,0,121420,KSA,M,ALMUTAIRI Turki,215,0,0,12,2017
1161,0,123815,COK,M,IVAITI Mel,215,0,0,12,2017
1161,0,131338,EGY,M,ASHOUR Marwan,215,0,0,12,2017
1161,0,131386,BUL,M,RADKEV Ivan,215,0,0,12,2017
1161,0,132159,TUV,M,VAEA Tulimanu,215,0,0,12,2017
1161,0,132351,JOR,M,ALDMAISY Raed,215,0,0,12,2017
1161,0,132938,SRB,M,JOVICIC Vladimir,215,0,0,12,2017
1161,0,133469,KSA,M,ALSUWAILEM Salem,215,0,0,12,2017
1161,0,133474,KSA,M,ALHARBI Khalid,215,0,0,12,2017
1161,0,133508,EGY,M,MAHFOUZ Amr,215,0,0,12,2017
1161,0,134230,SRB,M,GRUJIC Zvezdan,215,0,0,12,2017
1161,0,135531,SRB,M,KOMLUSAN Milan,215,0,0,12,2017
1161,0,135582,EGY,M,OMRAN Omar,215,0,0,12,2017
1161,0,135586,EGY,M,SALEH Mostafa,215,0,0,12,2017
1161,0,135592,EGY,M,ABDELHADY Youssef,215,0,0,12,2017
1161,0,135596,EGY,M,BADAWY Ahmed,215,0,0,12,2017
0,0,120864,RUS,M,KISELEV Maksim,1164,1164,0,12,2017
0,0,117031,IND,M,SRIRAM Sushmit,1166,1166,0,12,2017
0,0,120775,FRA,M,CHOBEAU Clement,1169,1169,0,12,2017
0,0,112685,CGO,M,LAWAL Abiodun,1172,1172,0,12,2017
1177,999,134218,CRO,M,MILOHANOVIC Andrea,212,212,0,12,2017
1178,996,122991,CRO,M,SANTEK Leon,211,215,0,12,2017
0,0,132136,CHN,M,YU Zhengyang,1179,1179,0,12,2017
1179,997,122078,ITA,M,GIOVANNETTI Tommaso,210,214,0,12,2017
1180,1001,133693,GAB,M,BRINGAUD Andy,209,209,0,12,2017
1181,1003,135041,ESA,M,ORANTES Diego,205,205,0,12,2017
0,0,101576,SRI,M,RANJANA Chalitha,1182,1182,0,12,2017
1182,1002,133776,COL,M,MONTES Santiago,204,208,0,12,2017
1182,0,135006,POL,M,MICHALSKI Piotr,204,0,0,12,2017
0,0,106947,IRI,M,OMRANI Seyed Pourya,1184,1184,0,12,2017
1184,1004,133888,ARU,M,HOEK Jean-Claude,202,202,0,12,2017
1185,1005,124007,ARU,M,MATHILDA Jeandry,201,201,0,12,2017
1186,1006,117476,CAM,M,SOEUNG Tola,200,200,0,12,2017
1186,997,118047,ESA,M,GALEANO Jaime,200,214,0,12,2017
1186,0,131378,KSA,M,ALSHAYA Basil,200,0,0,12,2017
1186,1006,131720,LAO,M,OLIYAVONG Phonepaseud,200,200,0,12,2017
1186,1006,132106,GUA,M,BARRIOS Leonel,200,200,0,12,2017
1186,0,132922,MNE,M,PEKOVIC Dusan,200,0,0,12,2017
1186,0,132924,MNE,M,JASAROVIC Alan,200,0,0,12,2017
1186,0,133466,KSA,M,ARIF Mooaz,200,0,0,12,2017
1186,0,134231,SRB,M,VIDIC Petar,200,0,0,12,2017
1186,0,134970,COD,M,NGEFUASSA Exauce,200,0,0,12,2017
1186,0,135390,KSA,M,ALMATHLUH Mohammed,200,0,0,12,2017
1186,0,135461,SWE,M,BABTIST Gustav,200,0,0,12,2017
1186,0,135462,SWE,M,CASTRO Alwin Leif Luis,200,0,0,12,2017
1186,0,135473,POL,M,CHOJNACKI Jakub,200,0,0,12,2017
1186,0,135474,POL,M,KURLENDA Krzysztof,200,0,0,12,2017
1186,0,135476,POL,M,PISZCZATOWSKI Pawel,200,0,0,12,2017
1186,0,135481,COD,M,KALUBUENDA Jean,200,0,0,12,2017
1186,0,135487,SRB,M,SUJICA Mateja,200,0,0,12,2017
1186,0,135530,SRB,M,OROS Andras,200,0,0,12,2017
1186,0,135579,EGY,M,FATHY Yehia,200,0,0,12,2017
1186,0,135580,EGY,M,ZAKI Seif,200,0,0,12,2017
1186,0,135581,EGY,M,EMAD Seif,200,0,0,12,2017
1186,0,135670,FIJ,M,FESAU Tereititaake,200,0,0,12,2017
1186,0,135671,FIJ,M,RODAN Gideon,200,0,0,12,2017
0,0,110959,IRI,M,MIRALMASI Amin,1187,1187,0,12,2017
0,0,107635,PAK,M,QURESHI Asim,1194,1194,0,12,2017
0,0,134952,JPN,M,NISHIMURA Seiya,1195,1195,0,12,2017
1210,1011,123489,CAM,M,LIM Sok Long,199,199,0,12,2017
1211,1012,123784,DJI,M,DJAMAL Ahmed,198,198,0,12,2017
1212,1013,122251,MAD,M,RAZAFINDRAKOTO Amboara,196,196,0,12,2017
1212,1013,134398,KAZ,M,KHARKI Iskender,196,196,0,12,2017
1214,0,120732,ALG,M,TIFOURA Islam,195,200,0,12,2017
1214,1015,131690,BUL,M,SARIEV Stoyan,195,195,0,12,2017
1214,1015,132212,KOS,M,DRAGIDELLA Yll,195,195,0,12,2017
1217,1019,132268,CAM,M,SARAK Soupring,194,194,0,12,2017
1218,1020,134390,SEN,M,DRAME Abdoulaye,193,193,0,12,2017
1219,1015,134000,KOS,M,MAHMUTI Kreshnik,192,195,0,12,2017
1219,1021,134103,CRO,M,DRAGUN Luka,192,192,0,12,2017
1221,1022,132869,LAO,M,MOSANGSINH Sonpasith,190,190,0,12,2017
1222,1023,131471,SMR,M,MORRI Andrea,183,183,0,12,2017
1223,1024,134102,CRO,M,ZNIKA Petar,181,181,0,12,2017
1224,1006,133582,SVK,M,TUTURA Marek,175,200,0,12,2017
1224,0,135383,QAT,M,ALNASER Rawad,175,0,0,12,2017
1224,0,135384,QAT,M,KORANI Ahmed,175,0,0,12,2017
1224,0,135385,QAT,M,ALY Yousof,175,0,0,12,2017
0,0,120227,TPE,M,YU Cheng-Feng,1225,1225,0,12,2017
1228,1025,133802,AUS,M,KOCJANCIC Daniel,174,174,0,12,2017
1229,1026,134565,AUT,M,RAMSL Erik,170,170,0,12,2017
1230,1027,133845,ITA,M,BUCCI Valerio,152,152,0,12,2017
0,0,102801,BLR,M,FOREITOROV Dmitry,1235,1235,0,12,2017
0,0,103723,SCO,M,HOWIESON Craig,1241,1241,0,12,2017
0,0,113341,SRB,M,RADONJIC Vladimir,1241,1241,0,12,2017
0,0,104514,ALG,M,KHEROUF Sami,1244,1244,0,12,2017
0,0,112033,IRI,M,TAHERKHANI Hamidreza,1250,1250,0,12,2017
0,0,123322,RUS,M,ZHUKOV Aleksei,1251,1251,0,12,2017
0,0,132171,KOR,M,CHOI Inhyeok,1256,1256,0,12,2017
0,0,106930,LUX,M,OLTEANU ^^ Dragos,1263,1263,0,12,2017
0,0,104926,BLR,M,KUCHUK Aleksandr,1273,1273,0,12,2017
0,0,123881,JPN,M,NUMAMURA Seiya,1290,1290,0,12,2017
0,0,100939,BRA,M,BARRETO Israel,1299,1299,0,12,2017
0,0,100915,BLR,M,BARBOLIN Illia,1300,1300,0,12,2017
0,0,106396,MAR,M,TIRSELT Mounaim,1301,1301,0,12,2017
0,0,119584,TUR,M,ULUCAK Batuhan,1320,1320,0,12,2017
0,0,133689,JPN,M,ONISHI Naoya,1325,1325,0,12,2017
0,0,104238,IND,M,KUMAR Jubin,1340,1340,0,12,2017
0,0,107939,CHI,M,RODRIGUEZ Alejandro,1340,1340,0,12,2017
0,0,107434,VEN,M,PINO Jonathan,1343,1343,0,12,2017
0,0,110241,LUX,M,XIA ^ Cheng,1344,1344,0,12,2017
0,0,113446,MNE,M,CEKIC Irfan,1349,1349,0,12,2017
0,0,100154,TOG,M,AGBETOGLO Mawussi,1356,1356,0,12,2017
0,0,112176,BRA,M,TOMA Danilo,1357,1357,0,12,2017
0,0,121516,KOR,M,HAN YuBeen,1357,1357,0,12,2017
0,0,107429,POR,M,PINHO Diogo,1364,1364,0,12,2017
0,0,121487,TPE,M,LAI Chi-Chien,1367,1367,0,12,2017
0,0,116547,RUS,M,SHVETC Kirill,1387,1387,0,12,2017
0,0,115958,FRA,M,BRETON Arthur,1388,1388,0,12,2017
0,0,101317,RUS,M,BRATCHENKO Sergei,1393,1393,0,12,2017
0,0,119927,IRI,M,LOTFIJANABADI Miad,1400,1400,0,12,2017
0,0,115142,PER,M,RODRIGUEZ Diego,1408,1408,0,12,2017
0,0,106319,CUB,M,MORA Yohan,1435,1435,0,12,2017
0,0,116837,ESP,M,VEDRIEL Carlos,1442,1442,0,12,2017
0,0,116162,TPE,M,WANG LI Chung-Yi,1451,1451,0,12,2017
0,0,109691,EST,M,VAINULA Vallot,1459,1459,0,12,2017
0,0,108671,POR,M,SILVA Diogo,1463,1463,0,12,2017
0,0,118134,BRA,M,KOHATSU Massao,1473,1473,0,12,2017
0,0,106499,HUN,M,MUSKO Peter,1479,1479,0,12,2017
0,0,108921,TTO,M,ST LOUIS Dexter,1489,1489,0,12,2017
0,0,117354,JPN,M,KAKITSUKA Masato,1507,1507,0,12,2017
0,0,112346,KOR,M,CHOI Wonjin,1510,1510,0,12,2017
0,0,114030,CRO,M,SIMOVIC Miho,1510,1510,0,12,2017
0,0,108555,ISR,M,SHARON Yaniv,1515,1515,0,12,2017
0,0,103697,SLO,M,HORVAT Mitja,1526,1526,0,12,2017
0,0,111015,BEL,M,INDEHERBERG Julien,1549,1549,0,12,2017
0,0,107606,UKR,M,PYSAR Dmytro,1551,1551,0,12,2017
0,0,133261,JPN,M,UEMURA Keiya,1570,1570,0,12,2017
0,0,119603,TPE,M,HUANG Chien-Tu,1575,1575,0,12,2017
0,0,111827,SRB,M,CREPULJA Bojan,1585,1585,0,12,2017
0,0,103151,POL,M,GOLEBIOWSKI Mateusz,1593,1593,0,12,2017
0,0,108758,SLO,M,SLATINSEK Uros,1622,1622,0,12,2017
0,0,106049,TUR,M,MENGE Gencay,1624,1624,0,12,2017
0,0,121492,TPE,M,WANG Tai-Wei,1653,1653,0,12,2017
0,0,120983,JPN,M,IZUMO Takuto,1658,1682,0,12,2017
0,0,101781,POL,M,CHOJNOWSKI Patryk,1691,1691,0,12,2017
0,0,123846,JPN,M,KORIYAMA Hokuto,1695,1695,0,12,2017
0,0,112261,UZB,M,KENJAEV Zokhid,1732,1732,0,12,2017
0,0,108667,POR,M,SILVA Andre,1778,1778,0,12,2017
0,0,133828,CHN,M,YU Heyi,1789,1789,0,12,2017
0,0,100217,SWE,M,AKERSTROM Fabian,1798,1798,0,12,2017
0,0,101393,LAT,M,BURGIS Matiss,1835,1835,0,12,2017
0,0,105082,EGY,M,LASHIN El-Sayed,1865,1865,0,12,2017
0,0,120313,JPN,M,SAMBE Kohei,1939,1939,0,12,2017
0,0,109499,NGR,M,TORIOLA Segun,2001,2001,0,12,2017
0,0,120845,KOR,M,KANG Dongsoo,2046,2046,0,12,2017
0,0,109990,GER,M,WANG ^^ Xi,2055,2063,0,12,2017
0,0,117336,JPN,M,JIN Takuya,2123,2131,0,12,2017
0,0,114247,CAN,M,WANG ^ Eugene,2158,2158,0,12,2017
0,0,105176,KOR,M,LEE Jungwoo,2187,2187,0,12,2017